Nationality,Location,StartDate,EndDate,MinDeaths,MaxDeaths,DeathsOverride,DeathsFinal,AirRate,CivilianRate,IntentionalRate,Tags,AirForce,Notes,Sources,StartDateMs,EndDateMs
United States,,12/1/41,12/31/41,493,493,668.0649463,493.0,,0,,,,,
United States,,1/1/42,1/31/42,517,517,700.5873778,517.0,,0,,,army,"multiplied to make 318,274",http://cgsc.cdmhost.com/cdm/compoundobject/collection/p4013coll8/id/130
United States,,2/1/42,2/29/1942,398,398,539.3303218,398.0,,0,,,army,"multiplied to make 318,274",http://cgsc.cdmhost.com/cdm/compoundobject/collection/p4013coll8/id/130
United States,,3/1/42,3/31/42,135,135,182.938677,135.0,,0,,,army,"multiplied to make 318,274",http://cgsc.cdmhost.com/cdm/compoundobject/collection/p4013coll8/id/130
United States,,4/1/42,4/30/42,"1,051","1,051",1424.211478,1051.0,,0,,,army,"multiplied to make 318,274",http://cgsc.cdmhost.com/cdm/compoundobject/collection/p4013coll8/id/130
United States,,5/1/42,5/31/42,"12,311","12,311",16682.65224,12311.0,,0,,,army,"multiplied to make 318,274",http://cgsc.cdmhost.com/cdm/compoundobject/collection/p4013coll8/id/130
United States,,6/1/42,6/30/42,184,184,249.3386412,184.0,,0,,,army,"multiplied to make 318,274",http://cgsc.cdmhost.com/cdm/compoundobject/collection/p4013coll8/id/130
United States,,7/1/42,7/31/42,159,159,215.4611084,159.0,,0,,,army,"multiplied to make 318,274",http://cgsc.cdmhost.com/cdm/compoundobject/collection/p4013coll8/id/130
United States,,8/1/42,8/31/42,143,143,193.7794875,143.0,,0,,,army,"multiplied to make 318,274",http://cgsc.cdmhost.com/cdm/compoundobject/collection/p4013coll8/id/130
United States,,9/1/42,9/31/1942,137,137,185.6488796,137.0,,0,,,army,"multiplied to make 318,274",http://cgsc.cdmhost.com/cdm/compoundobject/collection/p4013coll8/id/130
United States,,10/1/42,10/31/42,181,181,245.2733373,181.0,,0,,,army,"multiplied to make 318,274",http://cgsc.cdmhost.com/cdm/compoundobject/collection/p4013coll8/id/130
United States,,11/1/42,11/30/42,"1,256","1,256",1702.007247,1256.0,,0,,,army,"multiplied to make 318,274",http://cgsc.cdmhost.com/cdm/compoundobject/collection/p4013coll8/id/130
United States,,12/1/42,12/31/42,"1,140","1,140",1544.815494,1140.0,,0,,,army,"multiplied to make 318,274",http://cgsc.cdmhost.com/cdm/compoundobject/collection/p4013coll8/id/130
United States,,1/1/43,1/31/43,"1,227","1,227",1662.709309,1227.0,,0,,,army,"multiplied to make 318,274",http://cgsc.cdmhost.com/cdm/compoundobject/collection/p4013coll8/id/131
United States,,2/1/43,2/28/43,"1,425","1,425",1931.019368,1425.0,,0,,,army,"multiplied to make 318,274",http://cgsc.cdmhost.com/cdm/compoundobject/collection/p4013coll8/id/132
United States,,3/1/43,3/31/43,"1,079","1,079",1462.154314,1079.0,,0,,,army,"multiplied to make 318,274",http://cgsc.cdmhost.com/cdm/compoundobject/collection/p4013coll8/id/133
United States,,4/1/43,4/30/43,"1,342","1,342",1818.545959,1342.0,,0,,,army,"multiplied to make 318,274",http://cgsc.cdmhost.com/cdm/compoundobject/collection/p4013coll8/id/134
United States,,5/1/43,5/31/43,"1,560","1,560",2113.958045,1560.0,,0,,,army,"multiplied to make 318,274",http://cgsc.cdmhost.com/cdm/compoundobject/collection/p4013coll8/id/135
United States,,6/1/43,6/30/43,731,731,990.5790583,731.0,,0,,,army,"multiplied to make 318,274",http://cgsc.cdmhost.com/cdm/compoundobject/collection/p4013coll8/id/136
United States,,7/1/43,7/31/43,"3,141","3,141",4256.373218,3141.0,,0,,,army,"multiplied to make 318,274",http://cgsc.cdmhost.com/cdm/compoundobject/collection/p4013coll8/id/137
United States,,8/1/43,8/31/43,"2,150","2,150",2913.467819,2150.0,,0,,,army,"multiplied to make 318,274",http://cgsc.cdmhost.com/cdm/compoundobject/collection/p4013coll8/id/138
United States,,9/1/43,9/30/43,"1,678","1,678",2273.86,1678.0,,0,,,army,"multiplied to make 318,274",http://cgsc.cdmhost.com/cdm/compoundobject/collection/p4013coll8/id/139
United States,,10/1/43,10/31/43,"2,033","2,033",2754.920965,2033.0,,0,,,army,"multiplied to make 318,274",http://cgsc.cdmhost.com/cdm/compoundobject/collection/p4013coll8/id/140
United States,,11/1/43,11/30/43,"3,738","3,738",5065.3687,3738.0,,0,,,army,"multiplied to make 318,274",http://cgsc.cdmhost.com/cdm/compoundobject/collection/p4013coll8/id/141
United States,,12/1/43,12/31/43,"2,488","2,488",3371.492062,2488.0,,0,,,army,"multiplied to make 318,274",http://cgsc.cdmhost.com/cdm/compoundobject/collection/p4013coll8/id/142
United States,,1/1/44,1/31/44,"4,079","4,079",5527.458247,4079.0,,0,,,army,"multiplied to make 318,274",http://cgsc.cdmhost.com/cdm/compoundobject/collection/p4013coll8/id/143
United States,,2/1/44,2/29/44,"4,992","4,992",6764.665744,4992.0,,0,,,army,"multiplied to make 318,274",http://cgsc.cdmhost.com/cdm/compoundobject/collection/p4013coll8/id/144
United States,,3/1/44,3/31/44,"3,781","3,781",5123.638057,3781.0,,0,,,army,"multiplied to make 318,274",http://cgsc.cdmhost.com/cdm/compoundobject/collection/p4013coll8/id/145
United States,,4/1/44,4/30/44,"4,363","4,363",5912.30702,4363.0,,0,,,army,"multiplied to make 318,274",http://cgsc.cdmhost.com/cdm/compoundobject/collection/p4013coll8/id/146
United States,,5/1/44,5/31/44,"5,994","5,994",8122.477258,5994.0,,0,,,army,"multiplied to make 318,274",http://cgsc.cdmhost.com/cdm/compoundobject/collection/p4013coll8/id/147
United States,,6/1/44,6/30/44,"14,839","14,839",20108.34835,14839.0,,0,,,army,"multiplied to make 318,274",http://cgsc.cdmhost.com/cdm/compoundobject/collection/p4013coll8/id/148
United States,,7/1/44,7/31/44,"16,806","16,806",22773.83263,16806.0,,0,,,army,"multiplied to make 318,274",http://cgsc.cdmhost.com/cdm/compoundobject/collection/p4013coll8/id/149
United States,,8/1/44,8/31/44,"12,442","12,442",16860.17051,12442.0,,0,,,army,"multiplied to make 318,274",http://cgsc.cdmhost.com/cdm/compoundobject/collection/p4013coll8/id/150
United States,,9/1/44,9/30/44,"12,816","12,816",17366.9784,12816.0,,0,,,army,"multiplied to make 318,274",http://cgsc.cdmhost.com/cdm/compoundobject/collection/p4013coll8/id/151
United States,,10/1/44,10/31/44,"11,844","11,844",16049.81993,11844.0,,0,,,army,"multiplied to make 318,274",http://cgsc.cdmhost.com/cdm/compoundobject/collection/p4013coll8/id/152
United States,,11/1/44,11/30/44,"15,825","15,825",21444.47825,15825.0,,0,,,army,"multiplied to make 318,274",http://cgsc.cdmhost.com/cdm/compoundobject/collection/p4013coll8/id/153
United States,,12/1/44,12/31/44,"18,389","18,389",24918.95801,18389.0,,0,,,army,"multiplied to make 318,274",http://cgsc.cdmhost.com/cdm/compoundobject/collection/p4013coll8/id/154
United States,,1/1/45,1/31/45,"15,424","15,424",20901.08262,15424.0,,0,,,army,"multiplied to make 318,274",http://cgsc.cdmhost.com/cdm/compoundobject/collection/p4013coll8/id/155
United States,,2/1/45,2/28/45,"12,724","12,724",17242.30908,12724.0,,0,,,army,"multiplied to make 318,274",http://cgsc.cdmhost.com/cdm/compoundobject/collection/p4013coll8/id/156
United States,,3/1/45,3/31/45,"15,467","15,467",20959.35198,15467.0,,0,,,army,"multiplied to make 318,274",http://cgsc.cdmhost.com/cdm/compoundobject/collection/p4013coll8/id/157
United States,,4/1/45,4/30/45,"16,390","16,390",22210.11049,16390.0,,0,,,army,"multiplied to make 318,274",http://cgsc.cdmhost.com/cdm/compoundobject/collection/p4013coll8/id/158
United States,,5/1/45,5/31/45,"4,898","4,898",6637.286221,4898.0,,0,,,army,"multiplied to make 318,274",http://cgsc.cdmhost.com/cdm/compoundobject/collection/p4013coll8/id/159
United States,,6/1/45,6/30/45,"2,124","2,124",2878.235184,2124.0,,0,,,army,"multiplied to make 318,274",http://cgsc.cdmhost.com/cdm/compoundobject/collection/p4013coll8/id/160
United States,,7/1/45,7/31/45,588,588,796.7995708,588.0,,0,,,army,"multiplied to make 318,274",http://cgsc.cdmhost.com/cdm/compoundobject/collection/p4013coll8/id/161
United States,,8/1/45,8/31/45,338,338,458.0242431,338.0,,0,,,army,"multiplied to make 318,274",http://cgsc.cdmhost.com/cdm/compoundobject/collection/p4013coll8/id/162
United States,,9/1/45,9/30/45,17,17,23.03672229,17.0,,0,,,army,"multiplied to make 318,274",http://cgsc.cdmhost.com/cdm/compoundobject/collection/p4013coll8/id/163
United States,,10/1/45,10/31/45,9,9,12.1959118,9.0,,0,,,army,"multiplied to make 318,274",http://cgsc.cdmhost.com/cdm/compoundobject/collection/p4013coll8/id/164
United States,,11/1/45,11/30/45,13,13,17.61631704,13.0,,0,,,army,"multiplied to make 318,274",http://cgsc.cdmhost.com/cdm/compoundobject/collection/p4013coll8/id/165
United States,,12/1/45,12/31/45,5,5,6.775506555,5.0,,0,,,army,"multiplied to make 318,274",http://cgsc.cdmhost.com/cdm/compoundobject/collection/p4013coll8/id/166
United States,,1/1/46,1/31/46,1,1,1.355101311,1.0,,0,,,army,"multiplied to make 318,274",http://cgsc.cdmhost.com/cdm/compoundobject/collection/p4013coll8/id/167
United States,,2/1/46,2/28/46,0,0,0,0.0,,0,,,army,"multiplied to make 318,274",http://cgsc.cdmhost.com/cdm/compoundobject/collection/p4013coll8/id/168
United States,,3/1/46,3/31/46,0,0,0,0.0,,0,,,army,"multiplied to make 318,274",http://cgsc.cdmhost.com/cdm/compoundobject/collection/p4013coll8/id/169
United States,,4/1/46,4/30/46,1,1,1.355101311,1.0,,0,,,army,"multiplied to make 318,274",http://cgsc.cdmhost.com/cdm/compoundobject/collection/p4013coll8/id/170
United States,,5/1/46,5/31/46,1,1,1.355101311,1.0,,0,,,army,"multiplied to make 318,274",http://cgsc.cdmhost.com/cdm/compoundobject/collection/p4013coll8/id/171
United States,,6/1/46,6/30/46,1,1,1.355101311,1.0,,0,,,army,"multiplied to make 318,274",http://cgsc.cdmhost.com/cdm/compoundobject/collection/p4013coll8/id/172
United States,,7/1/46,7/31/46,0,0,0,0.0,,0,,,army,"multiplied to make 318,274",http://cgsc.cdmhost.com/cdm/compoundobject/collection/p4013coll8/id/173
United States,,8/1/46,8/31/46,3,3,4.065303933,3.0,,0,,,army,"multiplied to make 318,274",http://cgsc.cdmhost.com/cdm/compoundobject/collection/p4013coll8/id/174
United States,,9/1/46,9/30/46,0,0,0,0.0,,0,,,army,"multiplied to make 318,274",http://cgsc.cdmhost.com/cdm/compoundobject/collection/p4013coll8/id/175
United States,,10/1/46,10/31/46,0,0,0,0.0,,0,,,army,"multiplied to make 318,274",http://cgsc.cdmhost.com/cdm/compoundobject/collection/p4013coll8/id/176
United States,,11/1/46,11/30/46,0,0,0,0.0,,0,,,army,"multiplied to make 318,274",http://cgsc.cdmhost.com/cdm/compoundobject/collection/p4013coll8/id/177
United States,,12/1/46,12/31/46,0,0,0,0.0,,0,,,army,"multiplied to make 318,274",http://cgsc.cdmhost.com/cdm/compoundobject/collection/p4013coll8/id/178
Albania,,9/1/39,8/31/45,"30,000","30,000",,30000.0,,0,,,,,http://en.wikipedia.org/wiki/World_War_II_casualties
Australia,,9/1/39,8/31/45,"39,800","39,800",,39800.0,,0,,,,,http://en.wikipedia.org/wiki/World_War_II_casualties
Australia,,9/1/39,8/31/45,700,700,,700.0,,1,,,,,http://en.wikipedia.org/wiki/World_War_II_casualties
Austria,,9/1/39,8/31/45,0,0,,0.0,,0,,,,,http://en.wikipedia.org/wiki/World_War_II_casualties
Austria,,9/1/39,8/31/45,"62,500","62,500",,62500.0,,1,,,,wiki buffer,http://en.wikipedia.org/wiki/World_War_II_casualties
Belgium,,9/1/39,8/31/45,"12,100","12,100",,12100.0,,0,,,,,http://en.wikipedia.org/wiki/World_War_II_casualties
Belgium,,9/1/39,8/31/45,"48,900","48,900",,48900.0,,1,,,,wiki buffer,http://en.wikipedia.org/wiki/World_War_II_casualties
Brazil,,9/1/39,8/31/45,"1,000","1,000",,1000.0,,0,,,,,http://en.wikipedia.org/wiki/World_War_II_casualties
Brazil,,9/1/39,8/31/45,"1,000","1,000",,1000.0,,1,,,,,http://en.wikipedia.org/wiki/World_War_II_casualties
Bulgaria,,9/1/39,8/31/45,"22,000","22,000",,22000.0,,0,,,,,http://en.wikipedia.org/wiki/World_War_II_casualties
Bulgaria,,9/1/39,8/31/45,"3,000","3,000",,3000.0,,1,,,,,http://en.wikipedia.org/wiki/World_War_II_casualties
Burma,,9/1/39,8/31/45,"22,000","22,000",,22000.0,,0,,,,,http://en.wikipedia.org/wiki/World_War_II_casualties
Burma,,9/1/39,8/31/45,"250,000","250,000",,250000.0,,1,,,,,http://en.wikipedia.org/wiki/World_War_II_casualties
Canada,,9/1/39,8/31/45,"45,400","45,400",,45400.0,,0,,,,,http://en.wikipedia.org/wiki/World_War_II_casualties
Canada,,9/1/39,8/31/45,0,0,,0.0,,1,,,,,http://en.wikipedia.org/wiki/World_War_II_casualties
China,,9/1/39,8/31/45,"3,000,000","4,000,000",,3500000.0,,0,,,,,http://en.wikipedia.org/wiki/World_War_II_casualties
China,,9/1/39,8/31/45,"7,000,000","16,000,000",,1.15E7,,1,,,,,http://en.wikipedia.org/wiki/World_War_II_casualties
Cuba,,9/1/39,8/31/45,0,0,,0.0,,0,,,,,http://en.wikipedia.org/wiki/World_War_II_casualties
Cuba,,9/1/39,8/31/45,100,100,,100.0,,1,,,,,http://en.wikipedia.org/wiki/World_War_II_casualties
Czechoslovakia,,9/1/39,8/31/45,"25,000","25,000",,25000.0,,0,,,,,http://en.wikipedia.org/wiki/World_War_II_casualties
Czechoslovakia,,9/1/39,8/31/45,"222,350","222,350",,222350.0,,1,,,,wiki buffer,http://en.wikipedia.org/wiki/World_War_II_casualties
Denmark,,9/1/39,8/31/45,"2,100","2,100",,2100.0,,0,,,,,http://en.wikipedia.org/wiki/World_War_II_casualties
Denmark,,9/1/39,8/31/45,"1,012","1,012",,1012.0,,1,,,,wiki buffer,http://en.wikipedia.org/wiki/World_War_II_casualties
Dutch East Indies,,9/1/39,8/31/45,0,0,,0.0,,0,,,,,http://en.wikipedia.org/wiki/World_War_II_casualties
Dutch East Indies,,9/1/39,8/31/45,"3,000,000","4,000,000",,3500000.0,,1,,,,,http://en.wikipedia.org/wiki/World_War_II_casualties
Estonia,,9/1/39,8/31/45,0,0,,0.0,,0,,,,,http://en.wikipedia.org/wiki/World_War_II_casualties
Estonia,,9/1/39,8/31/45,"48,250","48,250",,48250.0,,1,,,,wiki buffer,http://en.wikipedia.org/wiki/World_War_II_casualties
Ethiopia,,9/1/39,8/31/45,"5,000","5,000",,5000.0,,0,,,,,http://en.wikipedia.org/wiki/World_War_II_casualties
Ethiopia,,9/1/39,8/31/45,"95,000","95,000",,95000.0,,1,,,,,http://en.wikipedia.org/wiki/World_War_II_casualties
Finland,,9/1/39,8/31/45,"95,000","95,000",,95000.0,,0,,,,,http://en.wikipedia.org/wiki/World_War_II_casualties
Finland,,9/1/39,8/31/45,"2,000","2,000",,2000.0,,1,,,,,http://en.wikipedia.org/wiki/World_War_II_casualties
France,,6/23/40,8/31/45,132600,132600,,132600.0,,0,,,,wiki-buffer,http://en.wikipedia.org/wiki/World_War_II_casualties
France,,9/1/39,8/31/45,"274,000","274,000",,274000.0,,1,,,,wiki buffer,http://en.wikipedia.org/wiki/World_War_II_casualties
French Indochina,,9/1/39,8/31/45,0,0,,0.0,,0,,,,,http://en.wikipedia.org/wiki/World_War_II_casualties
French Indochina,,9/1/39,8/31/45,"1,000,000","1,500,000",,1250000.0,,1,,,,,http://en.wikipedia.org/wiki/World_War_II_casualties
Germany,,9/1/39,8/31/45,"1,365,000","2,958,000",,2161500.0,,1,,,,wiki buffer,http://en.wikipedia.org/wiki/World_War_II_casualties
Greece,,9/1/39,8/31/45,"20,000","35,100",,27550.0,,0,,,,,http://en.wikipedia.org/wiki/World_War_II_casualties
Greece,,9/1/39,8/31/45,"237,000","237,000",,237000.0,,1,,,,wiki buffer,http://en.wikipedia.org/wiki/World_War_II_casualties
Hungary,,6/22/41,8/31/45,"300,000","300,000",,300000.0,,0,,,,,http://en.wikipedia.org/wiki/World_War_II_casualties
Iceland,,9/1/39,8/31/45,0,0,,0.0,,0,,,,,http://en.wikipedia.org/wiki/World_War_II_casualties
Iceland,,9/1/39,8/31/45,200,200,,200.0,,1,,,,,http://en.wikipedia.org/wiki/World_War_II_casualties
India,,9/1/39,8/31/45,"87,000","87,000",,87000.0,,0,,,,,http://en.wikipedia.org/wiki/World_War_II_casualties
India,,9/1/39,8/31/45,"1,500,000","2,500,000",,2000000.0,,1,,,,,http://en.wikipedia.org/wiki/World_War_II_casualties
Iran,,9/1/39,8/31/45,200,200,,200.0,,0,,,,,http://en.wikipedia.org/wiki/World_War_II_casualties
Iran,,9/1/39,8/31/45,0,0,,0.0,,1,,,,,http://en.wikipedia.org/wiki/World_War_II_casualties
Iraq,,9/1/39,8/31/45,500,500,,500.0,,0,,,,,http://en.wikipedia.org/wiki/World_War_II_casualties
Iraq,,9/1/39,8/31/45,0,0,,0.0,,1,,,,,http://en.wikipedia.org/wiki/World_War_II_casualties
Ireland,,9/1/39,8/31/45,0,0,,0.0,,0,,,,,http://en.wikipedia.org/wiki/World_War_II_casualties
Ireland,,9/1/39,8/31/45,200,200,,200.0,,1,,,,,http://en.wikipedia.org/wiki/World_War_II_casualties
Italy,,1/1/40,12/31/40,"12,776","12,776",13217,12776.0,,0,,,,"total from wiki, yearl dist from dem res",http://en.wikipedia.org/wiki/World_War_II_casualties and http://www.demographic-research.org/volumes/vol13/15/13-15.pdf
Italy,,1/1/41,12/31/41,"40,929","40,929",42342,40929.0,,0,,,,"total from wiki, yearl dist from dem res",http://en.wikipedia.org/wiki/World_War_II_casualties and http://www.demographic-research.org/volumes/vol13/15/13-15.pdf
Italy,,1/1/42,12/31/42,"63,999","63,999",66209,63999.0,,0,,,,"total from wiki, yearl dist from dem res",http://en.wikipedia.org/wiki/World_War_II_casualties and http://www.demographic-research.org/volumes/vol13/15/13-15.pdf
Italy,,1/1/43,12/31/43,"106,989","106,989",110683,106989.0,,0,,,,"total from wiki, yearl dist from dem res",http://en.wikipedia.org/wiki/World_War_II_casualties and http://www.demographic-research.org/volumes/vol13/15/13-15.pdf
Italy,,1/1/44,12/31/44,"41,757","41,757",43199,41757.0,,0,,,,"total from wiki, yearl dist from dem res",http://en.wikipedia.org/wiki/World_War_II_casualties and http://www.demographic-research.org/volumes/vol13/15/13-15.pdf
Italy,,1/1/45,8/31/45,"24,890","24,890",25749,24890.0,,0,,,,"total from wiki, yearl dist from dem res",http://en.wikipedia.org/wiki/World_War_II_casualties and http://www.demographic-research.org/volumes/vol13/15/13-15.pdf
Italy,,9/1/39,8/31/45,"145,200","145,200",,145200.0,,1,,,,wiki buffer,http://en.wikipedia.org/wiki/World_War_II_casualties
Japan,,9/1/39,8/31/45,"2,120,000","2,120,000",,2120000.0,,0,,,,,http://en.wikipedia.org/wiki/World_War_II_casualties
Japan,,9/1/39,8/31/45,"500,000","278,510",,389255.0,,1,,,,,http://en.wikipedia.org/wiki/World_War_II_casualties
Korea,,9/1/39,8/31/45,0,0,,0.0,,0,,,,,http://en.wikipedia.org/wiki/World_War_II_casualties
Korea,,9/1/39,8/31/45,"378,000","483,000",,430500.0,,1,,,,,http://en.wikipedia.org/wiki/World_War_II_casualties
Latvia,,9/1/39,8/31/45,0,0,,0.0,,0,,,,,http://en.wikipedia.org/wiki/World_War_II_casualties
Latvia,,9/1/39,8/31/45,"159,000","159,000",,159000.0,,1,,,,wiki buffer,http://en.wikipedia.org/wiki/World_War_II_casualties
Lithuania,,9/1/39,8/31/45,0,0,,0.0,,0,,,,,http://en.wikipedia.org/wiki/World_War_II_casualties
Lithuania,,9/1/39,8/31/45,"213,500","213,500",,213500.0,,1,,,,wiki buffer,http://en.wikipedia.org/wiki/World_War_II_casualties
Luxembourg,,9/1/39,8/31/45,0,0,,0.0,,0,,,,,http://en.wikipedia.org/wiki/World_War_II_casualties
Luxembourg,,9/1/39,8/31/45,500,500,,500.0,,1,,,,wiki buffer,http://en.wikipedia.org/wiki/World_War_II_casualties
Malaya,,9/1/39,8/31/45,0,0,,0.0,,0,,,,,http://en.wikipedia.org/wiki/World_War_II_casualties
Malaya,,9/1/39,8/31/45,"100,000","100,000",,100000.0,,1,,,,,http://en.wikipedia.org/wiki/World_War_II_casualties
Malta,,9/1/39,8/31/45,0,0,,0.0,,0,,,,,http://en.wikipedia.org/wiki/World_War_II_casualties
Malta,,9/1/39,8/31/45,"1,500","1,500",,1500.0,,1,,,,,http://en.wikipedia.org/wiki/World_War_II_casualties
Mexico,,9/1/39,8/31/45,0,0,,0.0,,0,,,,,http://en.wikipedia.org/wiki/World_War_II_casualties
Mexico,,9/1/39,8/31/45,100,100,,100.0,,1,,,,,http://en.wikipedia.org/wiki/World_War_II_casualties
Mongolia,,9/1/39,8/31/45,300,300,,300.0,,0,,,,,http://en.wikipedia.org/wiki/World_War_II_casualties
Mongolia,,9/1/39,8/31/45,0,0,,0.0,,1,,,,,http://en.wikipedia.org/wiki/World_War_II_casualties
Nauru (Australian),,9/1/39,8/31/45,0,0,,0.0,,0,,,,,http://en.wikipedia.org/wiki/World_War_II_casualties
Nauru (Australian),,9/1/39,8/31/45,500,500,,500.0,,1,,,,,http://en.wikipedia.org/wiki/World_War_II_casualties
Netherlands,,9/1/39,8/31/45,"17,000","17,000",,17000.0,,0,,,,,http://en.wikipedia.org/wiki/World_War_II_casualties
Netherlands,,9/1/39,8/31/45,"181,500","181,500",,181500.0,,1,,,,wiki buffer,http://en.wikipedia.org/wiki/World_War_II_casualties
Newfoundland,,9/1/39,8/31/45,0,0,,0.0,,0,,,,,http://en.wikipedia.org/wiki/World_War_II_casualties
Newfoundland,,9/1/39,8/31/45,100,100,,100.0,,1,,,,,http://en.wikipedia.org/wiki/World_War_II_casualties
New Zealand,,9/1/39,8/31/45,"11,900","11,900",,11900.0,,0,,,,,http://en.wikipedia.org/wiki/World_War_II_casualties
New Zealand,,9/1/39,8/31/45,0,0,,0.0,,1,,,,,http://en.wikipedia.org/wiki/World_War_II_casualties
Norway,,9/1/39,8/31/45,"3,000","3,000",,3000.0,,0,,,,,http://en.wikipedia.org/wiki/World_War_II_casualties
Norway,,9/1/39,8/31/45,"5,700","5,700",,5700.0,,1,,,,wiki buffer,http://en.wikipedia.org/wiki/World_War_II_casualties
Papua and New Guinea (Australian),,9/1/39,8/31/45,0,0,,0.0,,0,,,,,http://en.wikipedia.org/wiki/World_War_II_casualties
Papua and New Guinea (Australian),,9/1/39,8/31/45,"15,000","15,000",,15000.0,,1,,,,,http://en.wikipedia.org/wiki/World_War_II_casualties
Philippines,,9/1/39,8/31/45,"57,000","57,000",,57000.0,,0,,,,,http://en.wikipedia.org/wiki/World_War_II_casualties
Philippines,,9/1/39,8/31/45,"500,000","1,000,000",,750000.0,,1,,,,,http://en.wikipedia.org/wiki/World_War_II_casualties
Poland,,10/7/39,8/31/45,"174,000","174,000",,174000.0,,0,,,,wiki buffer,http://en.wikipedia.org/wiki/World_War_II_casualties
Poland,,9/1/39,8/31/45,"2,630,000","2,630,000",,2630000.0,,1,,,,wiki buffer,http://en.wikipedia.org/wiki/World_War_II_casualties
Portuguese Timor,,9/1/39,8/31/45,0,0,,0.0,,0,,,,,http://en.wikipedia.org/wiki/World_War_II_casualties
Portuguese Timor,,9/1/39,8/31/45,"40,000","70,000",,55000.0,,1,,,,,http://en.wikipedia.org/wiki/World_War_II_casualties
Romania,,6/22/41,8/31/45,"300,000","300,000",,300000.0,,0,,,,,http://en.wikipedia.org/wiki/World_War_II_casualties
Romania,,9/1/39,8/31/45,"296,000","296,000",,296000.0,,1,,,,wiki buffer,http://en.wikipedia.org/wiki/World_War_II_casualties
Ruanda-Urundi (Belgian),,9/1/39,8/31/45,0,0,,0.0,,0,,,,,http://en.wikipedia.org/wiki/World_War_II_casualties
Ruanda-Urundi (Belgian),,9/1/39,8/31/45,0,"300,000",,150000.0,,1,,,,,http://en.wikipedia.org/wiki/World_War_II_casualties
Singapore,,9/1/39,8/31/45,0,0,,0.0,,0,,,,,http://en.wikipedia.org/wiki/World_War_II_casualties
Singapore,,9/1/39,8/31/45,"50,000","50,000",,50000.0,,1,,,,,http://en.wikipedia.org/wiki/World_War_II_casualties
South Africa,,9/1/39,8/31/45,"11,900","11,900",,11900.0,,0,,,,,http://en.wikipedia.org/wiki/World_War_II_casualties
South Africa,,9/1/39,8/31/45,0,0,,0.0,,1,,,,,http://en.wikipedia.org/wiki/World_War_II_casualties
South Pacific Mandate (Japanese),,9/1/39,8/31/45,0,0,,0.0,,0,,,,,http://en.wikipedia.org/wiki/World_War_II_casualties
South Pacific Mandate (Japanese),,9/1/39,8/31/45,"57,000","57,000",,57000.0,,1,,,,,http://en.wikipedia.org/wiki/World_War_II_casualties
Soviet Union,,9/1/39,8/31/45,"9,000,000","9,000,000",,9000000.0,,1,,,,need to decide on numbers,http://en.wikipedia.org/wiki/World_War_II_casualties
Sweden,,9/1/39,8/31/45,0,0,,0.0,,0,,,,,http://en.wikipedia.org/wiki/World_War_II_casualties
Sweden,,9/1/39,8/31/45,600,600,,600.0,,1,,,,,http://en.wikipedia.org/wiki/World_War_II_casualties
Switzerland,,9/1/39,8/31/45,0,0,,0.0,,0,,,,,http://en.wikipedia.org/wiki/World_War_II_casualties
Switzerland,,9/1/39,8/31/45,100,100,,100.0,,1,,,,,http://en.wikipedia.org/wiki/World_War_II_casualties
Thailand,,9/1/39,8/31/45,"5,600","5,600",,5600.0,,0,,,,,http://en.wikipedia.org/wiki/World_War_II_casualties
Thailand,,9/1/39,8/31/45,"2,000","2,000",,2000.0,,1,,,,,http://en.wikipedia.org/wiki/World_War_II_casualties
Turkey,,9/1/39,8/31/45,200,200,,200.0,,0,,,,,http://en.wikipedia.org/wiki/World_War_II_casualties
Turkey,,9/1/39,8/31/45,0,0,,0.0,,1,,,,,http://en.wikipedia.org/wiki/World_War_II_casualties
United Kingdom,,4/1/40,8/31/45,"16,591","16,591",,16591.0,,1,,,,wiki buffer,http://en.wikipedia.org/wiki/World_War_II_casualties
Yugoslavia,,6/22/41,8/31/45,"436,000","436,000",,436000.0,,0,,,,wiki buffer,http://en.wikipedia.org/wiki/World_War_II_casualties
Yugoslavia,,6/22/41,8/31/45,"520,500","520,500",,520500.0,,1,,,,,http://en.wikipedia.org/wiki/World_War_II_casualties
Germany,,9/1/39,9/30/39,15000,15000,,15000.0,,0,,,,,http://en.wikipedia.org/wiki/German_casualties_in_World_War_II
Germany,,10/1/39,10/31/39,3000,3000,,3000.0,,0,,,,,http://en.wikipedia.org/wiki/German_casualties_in_World_War_II
Germany,,11/1/39,11/30/39,1000,1000,,1000.0,,0,,,,,http://en.wikipedia.org/wiki/German_casualties_in_World_War_II
Germany,,12/1/39,12/31/39,0,0,,0.0,,0,,,,,http://en.wikipedia.org/wiki/German_casualties_in_World_War_II
Germany,,1/1/40,1/31/40,2000,2000,,2000.0,,0,,,,,http://en.wikipedia.org/wiki/German_casualties_in_World_War_II
Germany,,2/1/40,2/29/40,0,0,,0.0,,0,,,,,http://en.wikipedia.org/wiki/German_casualties_in_World_War_II
Germany,,3/1/40,3/31/40,5000,5000,,5000.0,,0,,,,,http://en.wikipedia.org/wiki/German_casualties_in_World_War_II
Germany,,4/1/40,4/30/40,3000,3000,,3000.0,,0,,,,,http://en.wikipedia.org/wiki/German_casualties_in_World_War_II
Germany,,5/1/40,5/31/40,21000,21000,,21000.0,,0,,,,,http://en.wikipedia.org/wiki/German_casualties_in_World_War_II
Germany,,6/1/40,6/30/40,29000,29000,,29000.0,,0,,,,,http://en.wikipedia.org/wiki/German_casualties_in_World_War_II
Germany,,7/1/40,7/31/40,7000,7000,,7000.0,,0,,,,,http://en.wikipedia.org/wiki/German_casualties_in_World_War_II
Germany,,8/1/40,8/31/40,4000,4000,,4000.0,,0,,,,,http://en.wikipedia.org/wiki/German_casualties_in_World_War_II
Germany,,9/1/40,9/30/40,4000,4000,,4000.0,,0,,,,,http://en.wikipedia.org/wiki/German_casualties_in_World_War_II
Germany,,10/1/40,10/31/40,5033,5033,,5033.0,,0,,,,,http://en.wikipedia.org/wiki/German_casualties_in_World_War_II
Germany,,11/1/40,11/30/40,1000,1000,,1000.0,,0,,,,,http://en.wikipedia.org/wiki/German_casualties_in_World_War_II
Germany,,12/1/40,12/31/40,2000,2000,,2000.0,,0,,,,,http://en.wikipedia.org/wiki/German_casualties_in_World_War_II
Germany,,1/1/41,1/31/41,10000,10000,,10000.0,,0,,,,,http://en.wikipedia.org/wiki/German_casualties_in_World_War_II
Germany,,2/1/41,2/28/41,1000,1000,,1000.0,,0,,,,,http://en.wikipedia.org/wiki/German_casualties_in_World_War_II
Germany,,3/1/41,3/31/41,4000,4000,,4000.0,,0,,,,,http://en.wikipedia.org/wiki/German_casualties_in_World_War_II
Germany,,4/1/41,4/30/41,4000,4000,,4000.0,,0,,,,,http://en.wikipedia.org/wiki/German_casualties_in_World_War_II
Germany,,5/1/41,5/31/41,13000,13000,,13000.0,,0,,,,,http://en.wikipedia.org/wiki/German_casualties_in_World_War_II
Germany,,6/1/41,6/30/41,29000,29000,,29000.0,,0,,,,,http://en.wikipedia.org/wiki/German_casualties_in_World_War_II
Germany,,7/1/41,7/31/41,67132,67132,,67132.0,,0,,,,,http://en.wikipedia.org/wiki/German_casualties_in_World_War_II
Germany,,8/1/41,8/31/41,51066,51066,,51066.0,,0,,,,,http://en.wikipedia.org/wiki/German_casualties_in_World_War_II
Germany,,9/1/41,9/30/41,53033,53033,,53033.0,,0,,,,,http://en.wikipedia.org/wiki/German_casualties_in_World_War_II
Germany,,10/1/41,10/31/41,44099,44099,,44099.0,,0,,,,,http://en.wikipedia.org/wiki/German_casualties_in_World_War_II
Germany,,11/1/41,11/30/41,38000,38000,,38000.0,,0,,,,,http://en.wikipedia.org/wiki/German_casualties_in_World_War_II
Germany,,12/1/41,12/31/41,42198,42198,,42198.0,,0,,,,,http://en.wikipedia.org/wiki/German_casualties_in_World_War_II
Germany,,1/1/42,1/31/42,53165,53165,,53165.0,,0,,,,,http://en.wikipedia.org/wiki/German_casualties_in_World_War_II
Germany,,2/1/42,2/28/42,52099,52099,,52099.0,,0,,,,,http://en.wikipedia.org/wiki/German_casualties_in_World_War_II
Germany,,3/1/42,3/31/42,46132,46132,,46132.0,,0,,,,,http://en.wikipedia.org/wiki/German_casualties_in_World_War_II
Germany,,4/1/42,4/30/42,24066,24066,,24066.0,,0,,,,,http://en.wikipedia.org/wiki/German_casualties_in_World_War_II
Germany,,5/1/42,5/31/42,44099,44099,,44099.0,,0,,,,,http://en.wikipedia.org/wiki/German_casualties_in_World_War_II
Germany,,6/1/42,6/30/42,34033,34033,,34033.0,,0,,,,,http://en.wikipedia.org/wiki/German_casualties_in_World_War_II
Germany,,7/1/42,7/31/42,46099,46099,,46099.0,,0,,,,,http://en.wikipedia.org/wiki/German_casualties_in_World_War_II
Germany,,8/1/42,8/31/42,74231,74231,,74231.0,,0,,,,,http://en.wikipedia.org/wiki/German_casualties_in_World_War_II
Germany,,9/1/42,9/30/42,46033,46033,,46033.0,,0,,,,,http://en.wikipedia.org/wiki/German_casualties_in_World_War_II
Germany,,10/1/42,10/31/42,30000,30000,,30000.0,,0,,,,,http://en.wikipedia.org/wiki/German_casualties_in_World_War_II
Germany,,11/1/42,11/30/42,38231,38231,,38231.0,,0,,,,,http://en.wikipedia.org/wiki/German_casualties_in_World_War_II
Germany,,12/1/42,12/31/42,83792,83792,,83792.0,,0,,,,,http://en.wikipedia.org/wiki/German_casualties_in_World_War_II
Germany,,1/1/43,1/31/43,185376,185376,,185376.0,,0,,,,,http://en.wikipedia.org/wiki/German_casualties_in_World_War_II
Germany,,2/1/43,2/28/43,74363,74363,,74363.0,,0,,,,,http://en.wikipedia.org/wiki/German_casualties_in_World_War_II
Germany,,3/1/43,3/31/43,59099,59099,,59099.0,,0,,,,,http://en.wikipedia.org/wiki/German_casualties_in_World_War_II
Germany,,4/1/43,4/30/43,21066,21066,,21066.0,,0,,,,,http://en.wikipedia.org/wiki/German_casualties_in_World_War_II
Germany,,5/1/43,5/31/43,31099,31099,,31099.0,,0,,,,,http://en.wikipedia.org/wiki/German_casualties_in_World_War_II
Germany,,6/1/43,6/30/43,21066,21066,,21066.0,,0,,,,,http://en.wikipedia.org/wiki/German_casualties_in_World_War_II
Germany,,7/1/43,7/31/43,79231,79231,,79231.0,,0,,,,,http://en.wikipedia.org/wiki/German_casualties_in_World_War_II
Germany,,8/1/43,8/31/43,66198,66198,,66198.0,,0,,,,,http://en.wikipedia.org/wiki/German_casualties_in_World_War_II
Germany,,9/1/43,9/30/43,69495,69495,,69495.0,,0,,,,,http://en.wikipedia.org/wiki/German_casualties_in_World_War_II
Germany,,10/1/43,10/31/43,61330,61330,,61330.0,,0,,,,,http://en.wikipedia.org/wiki/German_casualties_in_World_War_II
Germany,,11/1/43,11/30/43,77396,77396,,77396.0,,0,,,,,http://en.wikipedia.org/wiki/German_casualties_in_World_War_II
Germany,,12/1/43,12/31/43,66330,66330,,66330.0,,0,,,,,http://en.wikipedia.org/wiki/German_casualties_in_World_War_II
Germany,,1/1/44,1/31/44,81330,81330,,81330.0,,0,,,,,http://en.wikipedia.org/wiki/German_casualties_in_World_War_II
Germany,,2/1/44,2/29/44,91495,91495,,91495.0,,0,,,,,http://en.wikipedia.org/wiki/German_casualties_in_World_War_II
Germany,,3/1/44,3/31/44,112759,112759,,112759.0,,0,,,,,http://en.wikipedia.org/wiki/German_casualties_in_World_War_II
Germany,,4/1/44,4/30/44,92363,92363,,92363.0,,0,,,,,http://en.wikipedia.org/wiki/German_casualties_in_World_War_II
Germany,,5/1/44,5/31/44,78495,78495,,78495.0,,0,,,,,http://en.wikipedia.org/wiki/German_casualties_in_World_War_II
Germany,,6/1/44,6/30/44,182178,182178,,182178.0,,0,,,,,http://en.wikipedia.org/wiki/German_casualties_in_World_War_II
Germany,,7/1/44,7/31/44,215013,215013,,215013.0,,0,,,,,http://en.wikipedia.org/wiki/German_casualties_in_World_War_II
Germany,,8/1/44,8/31/44,348960,348960,,348960.0,,0,,,,,http://en.wikipedia.org/wiki/German_casualties_in_World_War_II
Germany,,9/1/44,9/30/44,151957,151957,,151957.0,,0,,,,,http://en.wikipedia.org/wiki/German_casualties_in_World_War_II
Germany,,10/1/44,10/31/44,184089,184089,,184089.0,,0,,,,,http://en.wikipedia.org/wiki/German_casualties_in_World_War_II
Germany,,11/1/44,11/30/44,103561,103561,,103561.0,,0,,,,,http://en.wikipedia.org/wiki/German_casualties_in_World_War_II
Germany,,12/1/44,12/31/44,159386,159386,,159386.0,,0,,,,,http://en.wikipedia.org/wiki/German_casualties_in_World_War_II
Germany,,1/1/45,1/31/45,451742,451742,,451742.0,,0,,,,,http://en.wikipedia.org/wiki/German_casualties_in_World_War_II
Germany,,2/1/45,2/28/45,294772,294772,,294772.0,,0,,,,,http://en.wikipedia.org/wiki/German_casualties_in_World_War_II
Germany,,3/1/45,3/31/45,284442,284442,,284442.0,,0,,,,,http://en.wikipedia.org/wiki/German_casualties_in_World_War_II
Germany,,4/1/45,4/30/45,281848,281848,,281848.0,,0,,,,,http://en.wikipedia.org/wiki/German_casualties_in_World_War_II
Germany,,5/1/45,5/31/45,94528,94528,,94528.0,,0,,,,,http://en.wikipedia.org/wiki/German_casualties_in_World_War_II
Germany,,6/1/45,6/30/45,20066,20066,,20066.0,,0,,,,,http://en.wikipedia.org/wiki/German_casualties_in_World_War_II
Germany,,7/1/45,7/31/45,13000,13000,,13000.0,,0,,,,,http://en.wikipedia.org/wiki/German_casualties_in_World_War_II
Germany,,8/1/45,8/31/45,27099,27099,,27099.0,,0,,,,,http://en.wikipedia.org/wiki/German_casualties_in_World_War_II
Soviet Union,,7/1/41,9/30/41,1916709,1916709,,1916709.0,,0,,,,"includes returned pow, multiplied by .9",http://en.wikipedia.org/wiki/World_War_II_casualties_of_the_Soviet_Union
Soviet Union,,10/1/41,12/31/41,907196,907196,,907196.0,,0,,,,"includes returned pow, multiplied by .9",http://en.wikipedia.org/wiki/World_War_II_casualties_of_the_Soviet_Union
Soviet Union,,1/1/42,3/31/42,607784,607784,,607784.0,,0,,,,"includes returned pow, multiplied by .9",http://en.wikipedia.org/wiki/World_War_II_casualties_of_the_Soviet_Union
Soviet Union,,4/1/42,6/30/42,758608,758608,,758608.0,,0,,,,"includes returned pow, multiplied by .9",http://en.wikipedia.org/wiki/World_War_II_casualties_of_the_Soviet_Union
Soviet Union,,7/1/42,9/30/42,1102046,1102046,,1102046.0,,0,,,,"includes returned pow, multiplied by .9",http://en.wikipedia.org/wiki/World_War_II_casualties_of_the_Soviet_Union
Soviet Union,,10/1/42,12/31/42,463957,463957,,463957.0,,0,,,,"includes returned pow, multiplied by .9",http://en.wikipedia.org/wiki/World_War_II_casualties_of_the_Soviet_Union
Soviet Union,,1/1/43,3/31/43,654043,654043,,654043.0,,0,,,,"includes returned pow, multiplied by .9",http://en.wikipedia.org/wiki/World_War_II_casualties_of_the_Soviet_Union
Soviet Union,,4/1/43,6/30/43,172714,172714,,172714.0,,0,,,,"includes returned pow, multiplied by .9",http://en.wikipedia.org/wiki/World_War_II_casualties_of_the_Soviet_Union
Soviet Union,,7/1/43,9/30/43,723470,723470,,723470.0,,0,,,,"includes returned pow, multiplied by .9",http://en.wikipedia.org/wiki/World_War_II_casualties_of_the_Soviet_Union
Soviet Union,,10/1/43,12/31/43,530960,530960,,530960.0,,0,,,,"includes returned pow, multiplied by .9",http://en.wikipedia.org/wiki/World_War_II_casualties_of_the_Soviet_Union
Soviet Union,,1/1/44,3/31/44,513685,513685,,513685.0,,0,,,,"includes returned pow, multiplied by .9",http://en.wikipedia.org/wiki/World_War_II_casualties_of_the_Soviet_Union
Soviet Union,,4/1/44,6/30/44,309832,309832,,309832.0,,0,,,,"includes returned pow, multiplied by .9",http://en.wikipedia.org/wiki/World_War_II_casualties_of_the_Soviet_Union
Soviet Union,,7/1/44,9/30/44,459711,459711,,459711.0,,0,,,,"includes returned pow, multiplied by .9",http://en.wikipedia.org/wiki/World_War_II_casualties_of_the_Soviet_Union
Soviet Union,,10/1/44,12/31/44,304274,304274,,304274.0,,0,,,,"includes returned pow, multiplied by .9",http://en.wikipedia.org/wiki/World_War_II_casualties_of_the_Soviet_Union
Soviet Union,,1/1/45,3/31/45,501769,501769,,501769.0,,0,,,,"includes returned pow, multiplied by .9",http://en.wikipedia.org/wiki/World_War_II_casualties_of_the_Soviet_Union
Soviet Union,,4/1/45,6/30/45,218966,218966,,218966.0,,0,,,,"includes returned pow, multiplied by .9",http://en.wikipedia.org/wiki/World_War_II_casualties_of_the_Soviet_Union
United States,,12/1/41,12/31/41,2155,2155,4715,2155.0,,0,,,"navy, pearl harbor","multiplied to make 62,614",http://www.history.navy.mil/library/online/ww2_statistics.htm
United States,,1/1/42,12/31/42,2809,2809,6146,2809.0,,0,,,navy,"multiplied to make 62,614",http://www.history.navy.mil/library/online/ww2_statistics.htm
United States,,1/1/43,12/31/43,4524,4524,9898,4524.0,,0,,,navy,"multiplied to make 62,614",http://www.history.navy.mil/library/online/ww2_statistics.htm
United States,,1/1/44,12/31/44,7685,7685,16814,7685.0,,0,,,navy,"multiplied to make 62,614",http://www.history.navy.mil/library/online/ww2_statistics.htm
United States,,1/1/45,8/31/45,11446,11446,25042,11446.0,,0,,,navy,"multiplied to make 62,614",http://www.history.navy.mil/library/online/ww2_statistics.htm
United States,,12/1/41,8/31/45,24511,24511,,24511.0,,,,,marines,,http://en.wikipedia.org/wiki/World_War_II_casualties#endnote_US
Poland,,9/1/39,10/6/39,"66,000","66,000",,66000.0,,0,,invasion-germany,,,http://en.wikipedia.org/wiki/World_War_II_casualties
France,,5/10/40,6/22/40,55000,85000,85000,70000.0,,0,,invasion-germany,,Battle of France,http://en.wikipedia.org/wiki/Battle_of_France
Yugoslavia,,4/6/41,4/18/41,"10,000","10,000",,10000.0,,0,,invasion-germany,,,http://en.wikipedia.org/wiki/World_War_II_casualties
Germany,"Anklam, Germany",4/28/45,4/28/45,370,380,,375.0,1,1,1,air-firebomb,LUFTW,,http://en.wikipedia.org/wiki/Battle_of_Berlin_(air)
Germany,"Bremen, Germany",4/21/45,4/21/45,61,61,,61.0,1,1,1,air-firebomb,,,http://www.historic.de/Bremen_im_Krieg/Bombenangriffe/Bombenangriffe1942.htm
Germany,"Ingolstadt, Germany",4/20/45,4/20/45,104,150,,127.0,1,1,1,air-firebomb,USAAF,,http://de.wikipedia.org/wiki/Luftangriffe_auf_Ingolstadt
Germany,"Oldenburg, Germany",4/14/45,4/14/45,15,15,,15.0,1,1,1,air-firebomb,,,http://de.wikipedia.org/wiki/Luftangriffe_auf_Oldenburg_(Oldenburg)
Germany,"Nuremberg, Germany",4/10/45,4/10/45,74,74,,74.0,1,1,1,air-firebomb,RAF/USAAF,,http://de.wikipedia.org/wiki/Luftangriffe_auf_N%C3%BCrnberg
Germany,"Leipzig, Germany",4/9/45,4/16/45,700,790,,745.0,1,1,1,air-firebomb,RAF/USAAF,,http://de.wikipedia.org/wiki/Operation_Haddock
Germany,"Celle, Germany",4/7/45,4/7/45,,,,*****,1,1,1,air-firebomb,,,
Germany,"Gottingen, Germany",4/6/45,4/6/45,30,30,,30.0,1,1,1,air-firebomb,,,http://de.wikipedia.org/wiki/Luftangriffe_auf_G%C3%B6ttingen
Germany,"Leipzig, Germany",4/5/45,4/5/45,733,733,,733.0,1,1,1,air-firebomb,USAAF,,http://de.wikipedia.org/wiki/Operation_Haddock
Germany,"Ingolstadt, Germany",4/4/45,4/4/45,52,52,,52.0,1,1,1,air-firebomb,USAAF,,
Germany,"Nuremberg, Germany",4/4/45,4/4/45,197,197,,197.0,1,1,1,air-firebomb,USAAF,,http://de.wikipedia.org/wiki/Luftangriffe_auf_N%C3%BCrnberg
Germany,"Hameln, Germany",3/27/45,3/27/45,110,110,,110.0,1,1,1,air-firebomb,,,http://de.wikipedia.org/wiki/Luftangriffe_auf_Hameln
Germany,"Paderborn, Germany",3/26/45,3/26/45,900,900,,900.0,1,1,1,air-firebomb,RAF,,http://de.wikipedia.org/wiki/Luftangriffe_auf_Paderborn
Germany,"Wesel, Germany",3/22/45,3/22/45,36,36,,36.0,1,1,1,air-firebomb,RAF,,http://de.wikipedia.org/wiki/Luftangriffe_auf_Wesel
Germany,"Hildesheim, Germany",3/21/45,3/21/45,"1,500","1,500",,1500.0,1,1,1,air-firebomb,RAF/RCAF,,http://de.wikipedia.org/wiki/Luftangriffe_auf_Hildesheim
Germany,"Bremen, Germany",3/21/45,3/29/45,147,147,,147.0,1,1,1,air-firebomb,USAAF,,
Germany,"Hanau, Germany",3/18/45,3/18/45,"2,300","2,500",,2400.0,1,1,1,air-firebomb,RAF,,http://de.wikipedia.org/wiki/Luftangriff_auf_Hanau_am_19._M%C3%A4rz_1945#Sch.C3.A4den_und_Opfer
Germany,"Nuremberg, Germany",3/16/45,3/16/45,517,517,,517.0,1,1,1,air-firebomb,RAF,,http://de.wikipedia.org/wiki/Luftangriffe_auf_N%C3%BCrnberg
Germany,"Hameln, Germany",3/14/45,3/14/45,177,177,,177.0,1,1,1,air-firebomb,,,http://de.wikipedia.org/wiki/Luftangriffe_auf_Hameln
Germany,"Wuppertal, Germany",3/13/45,3/13/45,500,500,,500.0,1,1,1,air-firebomb,,,
Germany,"Vienna, Germany",3/12/45,3/26/45,"1,547","1,547",,1547.0,1,1,1,air-firebomb,,,http://www.wien-vienna.at/geschichte.php?ID=158
Germany,"Swinemunde, Germany",3/12/45,3/12/45,"5,000","23,000",,14000.0,1,1,1,air-firebomb,USAAF,,http://de.wikipedia.org/wiki/Luftangriff_auf_Swinem%C3%BCnde
Germany,"Kassel, Germany",3/8/45,,,,,*****,1,1,1,air-firebomb,RAF,,
Germany,"Hildesheim, Germany",3/3/45,3/31/45,"1,500","1,600",,1550.0,1,1,1,air-firebomb,,,
Germany,"Mannheim, Germany",3/2/45,3/2/45,,,,*****,1,1,1,air-firebomb,RAF,,http://en.wikipedia.org/wiki/Bombing_of_Mannheim_in_World_War_II
Germany,"Ulm, Germany",3/1/45,3/1/45,479,479,,479.0,1,1,1,air-firebomb,RAF,,http://de.wikipedia.org/wiki/Luftangriffe_auf_Ulm
Germany,"Ingolstadt, Germany",3/1/45,3/1/45,197,197,,197.0,1,1,1,air-firebomb,USAAF,,
Germany,"Mainz, Germany",2/27/45,2/27/45,"1,150","1,250",,1200.0,1,1,1,air-firebomb,RAF,,http://de.wikipedia.org/wiki/Geschichte_der_Stadt_Mainz#Mainz_im_Zweiten_Weltkrieg
Germany,"Leipzig, Germany",2/27/45,2/27/45,677,677,,677.0,1,1,1,air-firebomb,USAAF,,http://de.wikipedia.org/wiki/Operation_Haddock
Germany,"Bremen, Germany",2/24/45,2/24/45,56,56,,56.0,1,1,1,air-firebomb,USAAF,,
Germany,"Pforzheim, Germany",2/23/45,2/23/45,"17,600","20,277",,18938.5,1,1,1,air-firebomb,RAF,,http://de.wikipedia.org/wiki/Luftangriff_auf_Pforzheim_am_23._Februar_1945
Germany,"Meiningen, Germany",2/23/45,2/23/45,208,208,,208.0,1,1,1,air-firebomb,USAAF,Clarion,http://de.wikipedia.org/wiki/Luftangriff_auf_Meiningen_am_23._Februar_1945
Germany,"Kitzingen, Germany",2/23/45,2/23/45,650,750,,700.0,1,1,1,air-firebomb,USAAF,Clarion,http://de.wikipedia.org/wiki/Kitzingen
Germany,"Ulm, Germany",2/22/45,2/22/45,206,206,,206.0,1,1,1,air-firebomb,RAF,,
Germany,"Hildesheim, Germany",2/22/45,2/22/45,230,270,,250.0,1,1,1,air-firebomb,,Clarion,http://de.wikipedia.org/wiki/Luftangriffe_auf_Hildesheim
Germany,"Ansbach, Germany",2/22/45,2/23/45,445,445,,445.0,1,1,1,air-firebomb,,Clarion,http://de.wikipedia.org/wiki/Operation_Clarion
Germany,"Plauen, Germany",2/22/45,2/23/45,387,387,,387.0,1,1,1,air-firebomb,,Clarion,http://de.wikipedia.org/wiki/Operation_Clarion
Germany,"Crailsheim, Germany",2/22/45,2/23/45,61,61,,61.0,1,1,1,air-firebomb,,Clarion,http://de.wikipedia.org/wiki/Operation_Clarion
Germany,"Neumarkt, Germany",2/22/45,2/23/45,450,550,,500.0,1,1,1,air-firebomb,,Clarion,http://de.wikipedia.org/wiki/Operation_Clarion
Germany,"Treuchtlingen, Germany",2/22/45,2/23/45,586,586,,586.0,1,1,1,air-firebomb,,Clarion,http://de.wikipedia.org/wiki/Operation_Clarion
Germany,"Weimar, Germany",2/22/45,2/23/45,,,,*****,1,1,1,air-firebomb,,Clarion,http://de.wikipedia.org/wiki/Operation_Clarion
Germany,"Halberstadt, Germany",2/22/45,2/23/45,172,172,,172.0,1,1,1,air-firebomb,,Clarion,http://de.wikipedia.org/wiki/Operation_Clarion
Germany,"Nuremberg, Germany",2/20/45,2/21/45,"1,356","1,356",,1356.0,1,1,1,air-firebomb,USAAF,,http://de.wikipedia.org/wiki/Luftangriffe_auf_N%C3%BCrnberg
Germany,"Bremen, Germany",2/17/45,2/17/45,28,28,,28.0,1,1,1,air-firebomb,RAF,,http://www.historic.de/Bremen_im_Krieg/Bombenangriffe/Bombenangriffe1942.htm
Germany,"Dresden, Germany",2/13/45,2/15/45,"22,700","25,000",,23850.0,1,1,1,air-firebomb,RAF/USAAF,,http://de.wikipedia.org/wiki/Luftangriffe_auf_Dresden
Germany,"Stuttgart, Germany",2/12/45,2/12/45,68,68,,68.0,1,1,1,air-firebomb,RAF/USAAF,,http://de.wikipedia.org/wiki/Luftangriffe_auf_Stuttgart
Germany,"Gottingen, Germany",2/9/45,2/9/45,27,27,,27.0,1,1,1,air-firebomb,,,http://de.wikipedia.org/wiki/Luftangriffe_auf_G%C3%B6ttingen
Germany,"Paderborn, Germany",1/17/45,1/17/45,,,,*****,1,1,1,air-firebomb,,,
Germany,"Magdeburg, Germany",1/16/45,1/16/45,"2,000","2,500",,2250.0,1,1,1,air-firebomb,RAF,,http://de.wikipedia.org/wiki/Luftangriff_auf_Magdeburg
Germany,"Ingolstadt, Germany",1/15/45,1/15/45,50,50,,50.0,1,1,1,air-firebomb,USAAF,,http://de.wikipedia.org/wiki/Luftangriffe_auf_Ingolstadt
Germany,"Munich, Germany",1/8/45,1/8/45,505,505,,505.0,1,1,1,air-firebomb,RAF,,http://de.wikipedia.org/wiki/Luftangriffe_auf_M%C3%BCnchen
Germany,"Nuremberg, Germany",1/2/45,1/2/45,"1,794","1,794",,1794.0,1,1,1,air-firebomb,RAF,,http://de.wikipedia.org/wiki/Luftangriffe_auf_N%C3%BCrnberg
Germany,"Gottingen, Germany",1/1/45,1/1/45,47,47,,47.0,1,1,1,air-firebomb,,,http://de.wikipedia.org/wiki/Luftangriffe_auf_G%C3%B6ttingen
Germany,"Wuppertal, Germany",12/31/44,12/31/44,,,,*****,1,1,1,air-firebomb,RAF,,
Germany,"Koblenz, Germany",12/28/44,12/29/44,65,65,,65.0,1,1,1,air-firebomb,USAAF/RAF,,http://de.wikipedia.org/wiki/Luftangriffe_auf_Koblenz
Germany,"Koblenz, Germany",12/22/44,12/22/44,154,154,,154.0,1,1,1,air-firebomb,RAF,,http://de.wikipedia.org/wiki/Luftangriffe_auf_Koblenz
Germany,"Munich, Germany",12/17/44,12/17/44,562,562,,562.0,1,1,1,air-firebomb,RAF,,http://de.wikipedia.org/wiki/Luftangriffe_auf_M%C3%BCnchen
Germany,"Ulm, Germany",12/17/44,12/17/44,707,707,,707.0,1,1,1,air-firebomb,RAF,,http://de.wikipedia.org/wiki/Luftangriffe_auf_Ulm
Germany,"Duisburg, Germany",12/17/44,12/18/44,,,,*****,1,1,1,air-firebomb,RAF,,http://www.raf.mod.uk/bombercommand/dec44.html
Germany,"Munich, Germany",12/17/44,12/18/44,,,,*****,1,1,1,air-firebomb,RAF,,http://www.raf.mod.uk/bombercommand/dec44.html
Germany,"Essen, Germany",12/12/44,12/13/44,,,,*****,1,1,1,air-firebomb,RAF,,http://www.raf.mod.uk/bombercommand/dec44.html
Germany,"Bebra, Germany",12/4/44,12/4/44,54,83,,68.5,1,1,1,air-firebomb,USAAF,,http://de.wikipedia.org/wiki/Luftangriff_auf_Bebra_am_4._Dezember_1944
Germany,"Karlruhe, Germany",12/4/44,12/5/44,,,,*****,1,1,1,air-firebomb,RAF,,http://www.raf.mod.uk/bombercommand/dec44.html
Germany,"Heilbronn, Germany",12/4/44,12/4/44,"6,500","6,500",,6500.0,1,1,1,air-firebomb,RAF,,http://de.wikipedia.org/wiki/Luftangriffe_auf_Heilbronn
Germany,"Hagen, Germany",12/2/44,12/3/44,,,,*****,1,1,1,air-firebomb,RAF,,http://www.raf.mod.uk/bombercommand/dec44.html
Germany,"Freiburg iB, Germany",11/27/44,11/27/44,"2,800","2,900",,2850.0,1,1,1,air-firebomb,RAF,Tigerfish,http://de.wikipedia.org/wiki/Operation_Tigerfish
Germany,"Nuremberg, Germany",11/25/44,11/26/44,60,70,,65.0,1,1,1,air-firebomb,RAF,,http://de.wikipedia.org/wiki/Luftangriffe_auf_N%C3%BCrnberg
Germany,"Koblenz, Germany",11/21/44,11/21/44,64,64,,64.0,1,1,1,air-firebomb,RAF,,http://de.wikipedia.org/wiki/Luftangriffe_auf_Koblenz
Germany,"Duren, Germany",11/16/44,11/16/44,"3,106","3,106",,3106.0,1,1,1,air-firebomb,USAAF,,http://de.wikipedia.org/wiki/Luftangriffe_auf_D%C3%BCren
Germany,"Koblenz, Germany",11/6/44,11/6/44,109,109,,109.0,1,1,1,air-firebomb,RAF,,http://de.wikipedia.org/wiki/Luftangriffe_auf_Koblenz
Germany,"Bochum, Germany",11/4/44,11/4/44,994,"1,000",,997.0,1,1,1,air-firebomb,,,http://de.wikipedia.org/wiki/Luftangriffe_auf_das_Ruhrgebiet
Germany,"Hannover, Germany",10/26/44,10/26/44,100,201,,150.5,1,1,1,air-firebomb,,,http://de.wikipedia.org/wiki/Luftangriffe_auf_Hannover
Germany,"Essen, Germany",10/23/44,10/25/44,"1,163","1,200",,1181.5,1,1,1,air-firebomb,RAF,,http://de.wikipedia.org/wiki/Luftangriffe_auf_das_Ruhrgebiet
Germany,"Nuremberg, Germany",10/19/44,10/20/44,237,237,,237.0,1,1,1,air-firebomb,RAF,,http://de.wikipedia.org/wiki/Luftangriffe_auf_N%C3%BCrnberg
Germany,"Stuttgart, Germany",10/19/44,10/19/44,338,338,,338.0,1,1,1,air-firebomb,RAF,,http://de.wikipedia.org/wiki/Luftangriffe_auf_Stuttgart
Germany,"Salzburg, Germany",10/16/44,10/16/44,245,245,,245.0,1,1,1,air-firebomb,,,http://de.wikipedia.org/wiki/Luftangriffe_auf_Salzburg
Germany,"Cologne, Germany",10/15/44,10/15/44,,,,*****,1,1,1,air-firebomb,USAAF,Hurricane,
Germany,"Braunschweig, Germany",10/14/44,10/15/44,640,640,,640.0,1,1,1,air-firebomb,RAF,Hurricane,
Germany,"Duisburg, Germany",10/13/44,10/14/44,"2,500","2,600",,2550.0,1,1,1,air-firebomb,RAF,Hurricane,http://de.wikipedia.org/wiki/Operation_Hurricane_(1944)
Germany,"Bremen, Germany",10/12/44,10/12/44,82,82,,82.0,1,1,1,air-firebomb,USAAF,,http://www.historic.de/Bremen_im_Krieg/Bombenangriffe/Bombenangriffe1942.htm
Germany,"Koblenz, Germany",10/9/44,10/9/44,71,71,,71.0,1,1,1,air-firebomb,USAAF,,
Germany,"Bremen, Germany",10/6/44,10/6/44,66,66,,66.0,1,1,1,air-firebomb,RAF,,http://www.historic.de/Bremen_im_Krieg/Bombenangriffe/Bombenangriffe1942.htm
Germany,"Stralsund, Germany",10/6/44,10/6/44,800,800,,800.0,1,1,1,air-firebomb,USAAF,,http://de.wikipedia.org/wiki/Bombenangriff_auf_Stralsund_am_6._Oktober_1944
Germany,"Nuremberg, Germany",10/3/44,10/3/44,353,353,,353.0,1,1,1,air-firebomb,USAAF,,http://de.wikipedia.org/wiki/Luftangriffe_auf_N%C3%BCrnberg
Germany,"Koblenz, Germany",9/25/44,9/25/44,109,109,,109.0,1,1,1,air-firebomb,USAAF,,http://de.wikipedia.org/wiki/Luftangriffe_auf_Koblenz
Germany,"Koblenz, Germany",9/19/44,9/19/44,144,144,,144.0,1,1,1,air-firebomb,USAAF,,
Germany,"Stuttgart, Germany",9/12/44,9/12/44,957,957,,957.0,1,1,1,air-firebomb,RAF,,http://de.wikipedia.org/wiki/Luftangriffe_auf_Stuttgart
Germany,"Darmstadt, Germany",9/11/44,9/12/44,"11,000","12,000",,11500.0,1,1,1,air-firebomb,RAF,,http://de.wikipedia.org/wiki/Luftangriff_auf_Darmstadt
Germany,"Heilbronn, Germany",9/10/44,9/10/44,281,281,,281.0,1,1,1,air-firebomb,USAAF,,http://de.wikipedia.org/wiki/Luftangriffe_auf_Heilbronn
Germany,"Bremen, Germany",8/30/44,8/30/44,34,34,,34.0,1,1,1,air-firebomb,USAAF,,http://www.historic.de/Bremen_im_Krieg/Bombenangriffe/Bombenangriffe1942.htm
Germany,"Konigsberg, Germany",8/29/44,8/29/44,,,,*****,1,1,1,air-firebomb,RAF,,
Germany,"Lubeck, Germany",8/25/44,8/25/44,110,110,,110.0,1,1,1,air-firebomb,USAAF,,
Germany,"Lubeck, Germany",3/28/42,3/29/42,301,"1,000",,650.5,,,1,air-firebomb,RAF,,http://ww2db.com/battle_spec.php?battle_id=55
Germany,"Anklam, Germany",8/25/44,8/25/44,,,,*****,1,1,1,air-firebomb,USAAF,,http://de.wikipedia.org/wiki/Luftangriffe_auf_Anklam
Germany,"Bremen, Germany",8/18/44,8/19/44,"1,053","1,053",,1053.0,1,1,1,air-firebomb,RAF,,http://de.wikipedia.org/wiki/Luftangriffe_auf_Bremen#Luftangriffe
Germany,"Anklam, Germany",8/4/44,8/4/44,26,26,,26.0,1,1,1,air-firebomb,USAAF,,http://de.wikipedia.org/wiki/Luftangriffe_auf_Anklam
Germany,"Hildesheim, Germany",7/29/44,7/29/44,34,34,,34.0,1,1,1,air-firebomb,,,
Germany,"Bremen, Germany",7/29/44,7/29/44,167,167,,167.0,1,1,1,air-firebomb,USAAF,,http://www.historic.de/Bremen_im_Krieg/Bombenangriffe/Bombenangriffe1942.htm
Germany,"Stuttgart, Germany",7/25/44,7/25/44,884,884,,884.0,1,1,1,air-firebomb,RAF,,http://de.wikipedia.org/wiki/Luftangriffe_auf_Stuttgart
Germany,"Duren, Germany",7/19/44,7/21/44,135,135,,135.0,1,1,1,air-firebomb,RAF,,http://de.wikipedia.org/wiki/Luftangriffe_auf_D%C3%BCren
Germany,"Koblenz, Germany",7/19/44,7/19/44,74,74,,74.0,1,1,1,air-firebomb,USAAF,,http://de.wikipedia.org/wiki/Luftangriffe_auf_Koblenz
Germany,"Hameln, Germany",7/7/44,7/7/44,19,20,,19.5,1,1,1,air-firebomb,,,http://de.wikipedia.org/wiki/Luftangriffe_auf_Hameln
Germany,"Duren, Germany",7/6/44,7/6/44,23,23,,23.0,1,1,1,air-firebomb,RAF,,http://de.wikipedia.org/wiki/Luftangriffe_auf_D%C3%BCren
Germany,"Bremen, Germany",6/24/44,6/24/44,115,115,,115.0,1,1,1,air-firebomb,RAF,,http://www.historic.de/Bremen_im_Krieg/Bombenangriffe/Bombenangriffe1942.htm
Germany,"Hannover, Germany",6/18/44,6/18/44,31,31,,31.0,1,1,1,air-firebomb,USAAF,,http://de.wikipedia.org/wiki/Luftangriffe_auf_Hannover
Germany,"Munich, Germany",4/24/44,4/25/44,136,136,,136.0,1,1,1,air-firebomb,,,http://de.wikipedia.org/wiki/Luftangriffe_auf_M%C3%BCnchen
Germany,"Dusseldorf, Germany",4/22/44,4/23/44,748,748,,748.0,1,1,1,air-firebomb,RAF,,http://de.wikipedia.org/wiki/Luftangriffe_auf_D%C3%BCsseldorf
Germany,"Koblenz, Germany",4/22/44,4/22/44,115,115,,115.0,1,1,1,air-firebomb,USAAF,,
Germany,"Koblenz, Germany",4/19/44,4/19/44,21,21,,21.0,1,1,1,air-firebomb,USAAF,,http://de.wikipedia.org/wiki/Luftangriffe_auf_Koblenz
Germany,"Nuremberg, Germany",4/10/44,4/10/44,82,82,,82.0,1,1,1,air-firebomb,USAAF,,http://de.wikipedia.org/wiki/Luftangriffe_auf_N%C3%BCrnberg
Germany,"Nuremberg, Germany",3/31/44,3/31/44,74,74,,74.0,1,1,1,air-firebomb,RAF,,http://de.wikipedia.org/wiki/Luftangriffe_auf_N%C3%BCrnberg
Germany,"Essen, Germany",3/26/44,3/26/44,,,,*****,1,1,1,air-firebomb,,,
Germany,"Berlin, Germany",3/24/44,3/25/44,,,,*****,1,1,1,air-firebomb,RAF,,
Germany,"Frankfurt aM, Germany",3/18/44,3/19/44,421,421,,421.0,1,1,1,air-firebomb,RAF,,http://de.wikipedia.org/wiki/Luftangriffe_auf_Frankfurt_am_Main
Germany,"Stuttgart, Germany",3/15/44,3/16/44,88,88,,88.0,1,1,1,air-firebomb,RAF,,http://de.wikipedia.org/wiki/Luftangriffe_auf_Stuttgart
Germany,"Berlin, Germany",3/8/44,3/8/44,,,,*****,1,1,1,air-firebomb,USAAF,,
Germany,"Stuttgart, Germany",3/2/44,3/2/44,121,121,,121.0,1,1,1,air-firebomb,RAF,,http://de.wikipedia.org/wiki/Luftangriffe_auf_Stuttgart
Germany,"Augsburg, Germany",2/25/44,2/26/44,730,730,,730.0,1,1,1,air-firebomb,RAF,,http://de.wikipedia.org/wiki/Luftangriffe_auf_Augsburg
Germany,"Nuremberg, Germany",2/25/44,2/25/44,138,138,,138.0,1,1,1,air-firebomb,USAAF,,http://de.wikipedia.org/wiki/Luftangriffe_auf_N%C3%BCrnberg
Germany,"Schweinfurt, Germany",2/24/44,2/24/44,,,,*****,1,1,1,air-firebomb,USAAF,,
Germany,"Braunschweig, Germany",2/21/44,2/21/44,,,,*****,1,1,1,air-firebomb,USAAF,,
Germany,"Stuttgart, Germany",2/21/44,2/22/44,159,159,,159.0,1,1,1,air-firebomb,RAF,,http://de.wikipedia.org/wiki/Luftangriffe_auf_Stuttgart
Germany,"Leipzig, Germany",2/20/44,2/20/44,970,970,,970.0,1,1,1,air-firebomb,USAAF/RAF,Big Week,http://de.wikipedia.org/wiki/Operation_Haddock
Germany,"Berlin, Germany",2/15/44,2/16/44,"1,000","2,000",,1500.0,1,1,1,air-firebomb,RAF,Battle of Berlin,
Germany,"Hannover, Germany",1/11/44,1/11/44,28,28,,28.0,1,1,1,air-firebomb,LUFTW(Acc),,http://de.wikipedia.org/wiki/Luftangriffe_auf_Hannover
Germany,"Bremen, Germany",12/13/43,12/20/43,185,185,,185.0,1,1,1,air-firebomb,USAAF,,http://www.historic.de/Bremen_im_Krieg/Bombenangriffe/Bombenangriffe1942.htm
Germany,"Leipzig, Germany",12/4/43,12/4/43,"1,800","1,890",,1845.0,1,1,1,air-firebomb,RAF,Haddock,http://de.wikipedia.org/wiki/Operation_Haddock
Germany,"Berlin, Germany",11/22/43,11/23/43,"2,000","3,000",,2500.0,1,1,1,air-firebomb,RAF,Battle of Berlin,http://www.saak.nl/battlefield%20tour/2008%20berlin/berlin%20history/berlin1943/berlin1943%20en.htm
Germany,"Dusseldorf, Germany",11/3/43,11/4/43,622,622,,622.0,1,1,1,air-firebomb,RAF,,
Germany,"Kassel, Germany",10/22/43,10/23/43,"10,000","11,000",,10500.0,1,1,1,air-firebomb,RAF,,http://de.wikipedia.org/wiki/Luftangriff_auf_Kassel_am_22._Oktober_1943#Die_Folgen
Germany,"Hannover, Germany",10/18/43,10/18/43,157,157,,157.0,1,1,1,air-firebomb,RAF,,http://de.wikipedia.org/wiki/Luftangriffe_auf_Hannover
Germany,"Hannover, Germany",10/9/43,10/9/43,"1,245","1,245",,1245.0,1,1,1,air-firebomb,RAF,,http://de.wikipedia.org/wiki/Luftangriffe_auf_Hannover
Germany,"Anklam, Germany",10/9/43,10/9/43,400,500,,450.0,1,1,1,air-firebomb,USAAF,,http://de.wikipedia.org/wiki/Luftangriffe_auf_Anklam
Germany,"Stuttgart, Germany",10/8/43,10/8/43,101,101,,101.0,1,1,1,air-firebomb,RAF,,http://de.wikipedia.org/wiki/Luftangriffe_auf_Stuttgart
Germany,"Bremen, Germany",10/8/43,10/8/43,132,132,,132.0,1,1,1,air-firebomb,USAAF,,http://www.historic.de/Bremen_im_Krieg/Bombenangriffe/Bombenangriffe1942.htm
Germany,"Frankfurt aM, Germany",10/4/43,10/4/43,529,529,,529.0,1,1,1,air-firebomb,RAF,,http://de.wikipedia.org/wiki/Luftangriffe_auf_Frankfurt_am_Main
Germany,"Hannover, Germany",9/27/43,9/28/43,196,196,,196.0,1,1,1,air-firebomb,RAF,,http://de.wikipedia.org/wiki/Luftangriffe_auf_Hannover
Germany,"Hannover, Germany",9/22/43,9/23/43,201,201,,201.0,1,1,1,air-firebomb,RAF,,http://de.wikipedia.org/wiki/Luftangriffe_auf_Hannover
Germany,"Stuttgart, Germany",9/6/43,9/6/43,107,107,,107.0,1,1,1,air-firebomb,USAAF,,
Germany,"Mannheim, Germany",9/5/43,9/6/43,,,,*****,1,1,1,air-firebomb,RAF,,
Germany,"Berlin, Germany",8/23/43,9/4/43,,,,*****,1,1,1,air-firebomb,,,
Germany,"Vienna, Germany",8/13/43,8/13/43,181,181,,181.0,1,1,1,air-firebomb,USAAF,,http://www.wien-vienna.at/geschichte.php?ID=158
Germany,"Nuremberg, Germany",8/10/43,8/11/43,585,585,,585.0,1,1,1,air-firebomb,RAF,,http://de.wikipedia.org/wiki/Luftangriffe_auf_N%C3%BCrnberg
Germany,"Remscheid, Germany",7/30/43,7/31/43,"1,200","1,200",,1200.0,1,1,1,air-firebomb,RAF,,http://de.wikipedia.org/wiki/Luftangriffe_auf_das_Ruhrgebiet
Germany,"Hannover, Germany",7/26/43,7/26/43,273,273,,273.0,1,1,1,air-firebomb,USAAF,,http://de.wikipedia.org/wiki/Luftangriffe_auf_Hannover
Germany,"Gelsenkirchen, Germany",7/25/43,7/25/43,,,,*****,1,1,1,air-firebomb,RAF,,
Germany,"Hamburg, Germany",7/24/43,7/30/43,"30,000","34,000",,32000.0,1,1,1,air-firebomb,RAF/USAAF,Gomorrah,http://de.wikipedia.org/wiki/Feuersturm_von_Hamburg
Germany,"Cologne, Germany",6/28/43,6/29/43,"4,377","4,500",,4438.5,1,1,1,air-firebomb,RAF,,http://de.wikipedia.org/wiki/Luftangriffe_auf_das_Ruhrgebiet
Germany,"Elberfeld, Germany",6/24/43,6/24/43,"1,900","1,900",,1900.0,1,1,1,air-firebomb,RAF,,http://de.wikipedia.org/wiki/Luftangriffe_auf_Wuppertal
Germany,"Marl, Germany",6/22/43,6/22/43,180,180,,180.0,1,1,1,air-firebomb,USAAF,,http://de.wikipedia.org/wiki/Luftangriffe_auf_das_Ruhrgebiet
Germany,"Mulheim, Germany",6/22/43,6/23/43,,,,*****,1,1,1,air-firebomb,RAF,,http://www.raf.mod.uk/bombercommand/jun43.html
Germany,"Krefeld, Germany",6/21/43,6/22/43,,,,*****,1,1,1,air-firebomb,RAF,,http://www.raf.mod.uk/bombercommand/jun43.html
Germany,"Bochum, Germany",6/12/43,6/13/43,,,,*****,1,1,1,air-firebomb,RAF,,http://www.raf.mod.uk/bombercommand/jun43.html
Germany,"Dusseldorf, Germany",6/11/43,6/12/43,550,650,,600.0,1,1,1,air-firebomb,RAF,,http://de.wikipedia.org/wiki/Luftangriffe_auf_D%C3%BCsseldorf
Germany,"Wuppertal, Germany",5/29/43,5/30/43,"2,732","3,380",,3056.0,1,1,1,air-firebomb,RAF,,http://de.wikipedia.org/wiki/Luftangriffe_auf_Wuppertal
Germany,"Ruhr Dams, Germany",5/17/43,5/17/43,"1,284","1,900",,1592.0,1,1,1,air-firebomb,RAF,Chastise,http://de.wikipedia.org/wiki/Luftangriffe_auf_das_Ruhrgebiet
Germany,"Kiel, Germany",5/14/43,5/14/43,150,350,,250.0,1,1,1,air-firebomb,USAAF,,http://de.wikipedia.org/wiki/Luftangriffe_auf_Kiel
Germany,"Bochum, Germany",5/13/43,5/14/43,360,370,,365.0,1,1,1,air-firebomb,RAF,,http://de.wikipedia.org/wiki/Luftangriffe_auf_das_Ruhrgebiet
Germany,"Dortmund, Germany",5/4/43,5/5/43,690,690,,690.0,1,1,1,air-firebomb,RAF,,http://de.wikipedia.org/wiki/Luftangriffe_auf_das_Ruhrgebiet
Germany,"Stuttgart, Germany",4/15/43,4/15/43,619,619,,619.0,1,1,1,air-firebomb,RAF,,http://de.wikipedia.org/wiki/Luftangriffe_auf_Stuttgart
Germany,"Bremen, Germany",3/18/43,3/18/43,129,129,,129.0,1,1,1,air-firebomb,USAAF,,http://www.historic.de/Bremen_im_Krieg/Bombenangriffe/Bombenangriffe1942.htm
Germany,"Stuttgart, Germany",3/11/43,3/11/43,112,112,,112.0,1,1,1,air-firebomb,RAF,,http://de.wikipedia.org/wiki/Luftangriffe_auf_Stuttgart
Germany,"Nuremberg, Germany",3/8/43,3/9/43,343,343,,343.0,1,1,1,air-firebomb,RAF,,http://de.wikipedia.org/wiki/Luftangriffe_auf_N%C3%BCrnberg
Germany,"Essen, Germany",3/5/43,3/5/43,457,461,,459.0,1,1,1,air-firebomb,RAF,,http://de.wikipedia.org/wiki/Luftangriffe_auf_das_Ruhrgebiet
Germany,"Nuremberg, Germany",2/25/43,2/26/43,27,27,,27.0,1,1,1,air-firebomb,RAF,,http://de.wikipedia.org/wiki/Luftangriffe_auf_N%C3%BCrnberg
Germany,"Berlin, Germany",1/16/43,3/30/43,200,600,,400.0,1,1,1,air-firebomb,RAF,,
Germany,"Munich, Germany",9/19/42,9/19/42,30,30,,30.0,1,1,1,air-firebomb,RAF,,http://de.wikipedia.org/wiki/Luftangriffe_auf_M%C3%BCnchen
Germany,"Bremen, Germany",9/14/42,9/14/42,67,67,,67.0,1,1,1,air-firebomb,RAF,,http://www.historic.de/Bremen_im_Krieg/Bombenangriffe/Bombenangriffe1942.htm
Germany,"Nuremberg, Germany",8/28/42,8/29/42,136,136,,136.0,1,1,1,air-firebomb,RAF,,http://de.wikipedia.org/wiki/Luftangriffe_auf_N%C3%BCrnberg
Germany,"Mainz, Germany",8/12/42,8/12/42,161,161,,161.0,1,1,1,air-firebomb,RAF,,http://de.wikipedia.org/wiki/Geschichte_der_Stadt_Mainz#Mainz_im_Zweiten_Weltkrieg
Germany,"Bremen, Germany",6/30/42,6/30/42,8,8,,8.0,1,1,1,air-firebomb,RAF,,http://www.historic.de/Bremen_im_Krieg/Bombenangriffe/Bombenangriffe1942.htm
Germany,"Bremen, Germany",6/28/42,6/28/42,7,7,,7.0,1,1,1,air-firebomb,RAF,,http://www.historic.de/Bremen_im_Krieg/Bombenangriffe/Bombenangriffe1942.htm
Germany,"Bremen, Germany",6/26/42,6/26/42,85,85,,85.0,1,1,1,air-firebomb,RAF,,http://www.historic.de/Bremen_im_Krieg/Bombenangriffe/Bombenangriffe1942.htm
Germany,"Osnabruck, Germany",6/20/42,6/20/42,,,,*****,1,1,1,air-firebomb,RAF,,http://de.wikipedia.org/wiki/Luftangriffe_auf_Osnabr%C3%BCck
Germany,"Essen, Germany",6/1/42,6/2/42,,,,*****,1,1,1,air-firebomb,RAF,,
Germany,"Cologne, Germany",5/30/42,5/31/42,411,480,,445.5,1,1,1,air-firebomb,RAF,Millenium,
Germany,"Heilbronn, Germany",5/7/42,5/7/42,7,7,,7.0,1,1,1,air-firebomb,RAF,,http://de.wikipedia.org/wiki/Luftangriffe_auf_Heilbronn
Germany,"Augsburg, Germany",4/17/42,4/17/42,12,12,,12.0,1,1,1,air-firebomb,RAF,Margin,http://de.wikipedia.org/wiki/Luftangriffe_auf_Augsburg
Germany,"Koblenz, Germany",4/6/42,4/6/42,12,12,,12.0,1,1,1,air-firebomb,RAF,,http://de.wikipedia.org/wiki/Luftangriffe_auf_Koblenz
Germany,"Bremen, Germany",4/6/42,4/6/42,73,73,,73.0,1,1,1,air-firebomb,RAF,,http://www.historic.de/Bremen_im_Krieg/Bombenangriffe/Bombenangriffe1942.htm
Germany,"Bremen, Germany",2/11/42,2/11/42,7,7,,7.0,1,1,1,air-firebomb,RAF,,http://www.historic.de/Bremen_im_Krieg/Bombenangriffe/Bombenangriffe1942.htm
Germany,"Bremen, Germany",1/26/42,1/26/42,26,26,,26.0,1,1,1,air-firebomb,RAF,,http://www.historic.de/Bremen_im_Krieg/Bombenangriffe/Bombenangriffe1942.htm
Germany,"Nuremberg, Germany",10/12/41,10/13/41,9,9,,9.0,1,1,1,air-firebomb,RAF,,http://de.wikipedia.org/wiki/Luftangriffe_auf_N%C3%BCrnberg
Germany,"Frankfurt aM, Germany",9/12/41,9/13/41,8,8,,8.0,1,1,1,air-firebomb,RAF,,http://de.wikipedia.org/wiki/Luftangriffe_auf_Frankfurt_am_Main
Germany,"Hameln, Germany",6/13/41,6/13/41,29,29,,29.0,1,1,1,air-firebomb,RAF,,http://de.wikipedia.org/wiki/Luftangriffe_auf_Hameln
Germany,"Bremen, Germany",4/17/41,4/17/41,20,20,,20.0,1,1,1,air-firebomb,RAF,,http://www.historic.de/Bremen_im_Krieg/Bombenangriffe/Bombenangriffe1942.htm
Germany,"Hannover, Germany",2/10/41,2/10/41,101,101,,101.0,1,1,1,air-firebomb,RAF,,http://de.wikipedia.org/wiki/Luftangriffe_auf_Hannover
Germany,"Aachen, Germany",1/7/41,7/31/41,,,,*****,1,1,1,air-firebomb,RAF,,
Germany,"Hannover, Germany",5/19/40,5/19/40,19,19,,19.0,1,1,1,air-firebomb,RAF,,http://de.wikipedia.org/wiki/Luftangriffe_auf_Hannover
Germany,"Freiburg iB, Germany",5/10/40,5/10/40,57,57,,57.0,1,1,0,air-firebomb,RAF,,http://de.wikipedia.org/wiki/Bombenangriff_auf_Freiburg_am_10._Mai_1940
Japan,"Osaka, Japan",8/11/45,8/11/45,173,173,,173.0,1,0.8,1,air-firebomb,,,http://ja.wikipedia.org/wiki/%E6%97%A5%E6%9C%AC%E6%9C%AC%E5%9C%9F%E7%A9%BA%E8%A5%B2
Japan,"Aomoridai, Japan",7/28/45,7/28/45,600,"1,767",,1183.5,1,1,1,air-firebomb,USAAF,,http://ja.wikipedia.org/wiki/%E6%97%A5%E6%9C%AC%E6%9C%AC%E5%9C%9F%E7%A9%BA%E8%A5%B2
Japan,"Matsuyama, Japan",7/26/45,7/26/45,259,259,,259.0,1,1,1,air-firebomb,USAAF,,http://ja.wikipedia.org/wiki/%E6%97%A5%E6%9C%AC%E6%9C%AC%E5%9C%9F%E7%A9%BA%E8%A5%B2
Japan,"Osaka, Japan",7/24/45,7/24/45,187,187,,187.0,1,1,1,air-firebomb,USAAF,,http://ja.wikipedia.org/wiki/%E6%97%A5%E6%9C%AC%E6%9C%AC%E5%9C%9F%E7%A9%BA%E8%A5%B2
Japan,"Tsu, Japan",7/24/45,7/24/45,400,"1,239",,819.5,1,1,1,air-firebomb,USAAF,,http://ja.wikipedia.org/wiki/%E6%97%A5%E6%9C%AC%E6%9C%AC%E5%9C%9F%E7%A9%BA%E8%A5%B2
Japan,"Okazaki, Japan",7/19/45,7/20/45,70,203,,136.5,1,1,1,air-firebomb,USAAF,,http://ja.wikipedia.org/wiki/%E6%97%A5%E6%9C%AC%E6%9C%AC%E5%9C%9F%E7%A9%BA%E8%A5%B2
Japan,"Choshi, Japan",7/19/45,7/19/45,400,"1,181",,790.5,1,1,1,air-firebomb,USAAF,,http://ja.wikipedia.org/wiki/%E6%97%A5%E6%9C%AC%E6%9C%AC%E5%9C%9F%E7%A9%BA%E8%A5%B2
Japan,"Hitachi, Japan",7/19/45,7/19/45,800,"2,199",,1499.5,1,1,1,air-firebomb,USAAF,,http://ja.wikipedia.org/wiki/%E6%97%A5%E6%9C%AC%E6%9C%AC%E5%9C%9F%E7%A9%BA%E8%A5%B2
Japan,"Fukui, Japan",7/19/45,7/19/45,600,"1,576",,1088.0,1,1,1,air-firebomb,USAAF,,http://ja.wikipedia.org/wiki/%E6%97%A5%E6%9C%AC%E6%9C%AC%E5%9C%9F%E7%A9%BA%E8%A5%B2
Japan,"Tsuruga, Japan",7/12/45,7/12/45,109,109,,109.0,1,1,1,air-firebomb,USAAF,,http://ja.wikipedia.org/wiki/%E6%97%A5%E6%9C%AC%E6%9C%AC%E5%9C%9F%E7%A9%BA%E8%A5%B2
Japan,"Utsunomiya, Japan",7/12/45,7/12/45,628,628,,628.0,1,1,1,air-firebomb,USAAF,,http://ja.wikipedia.org/wiki/%E6%97%A5%E6%9C%AC%E6%9C%AC%E5%9C%9F%E7%A9%BA%E8%A5%B2
Japan,"Sendai, Japan",7/10/45,7/10/45,828,828,,828.0,1,1,1,air-firebomb,USAAF,,http://ja.wikipedia.org/wiki/%E6%97%A5%E6%9C%AC%E6%9C%AC%E5%9C%9F%E7%A9%BA%E8%A5%B2
Japan,"Gifu, Japan",7/9/45,7/9/45,450,900,,675.0,1,1,1,air-firebomb,USAAF,,http://ja.wikipedia.org/wiki/%E6%97%A5%E6%9C%AC%E6%9C%AC%E5%9C%9F%E7%A9%BA%E8%A5%B2
Japan,"Sakai, Japan",7/9/45,7/9/45,900,"1,860",,1380.0,1,1,1,air-firebomb,USAAF,,http://ja.wikipedia.org/wiki/%E6%97%A5%E6%9C%AC%E6%9C%AC%E5%9C%9F%E7%A9%BA%E8%A5%B2
Japan,"Wakayama, Japan",7/9/45,7/9/45,600,"1,200",,900.0,1,1,1,air-firebomb,USAAF,,http://ja.wikipedia.org/wiki/%E6%97%A5%E6%9C%AC%E6%9C%AC%E5%9C%9F%E7%A9%BA%E8%A5%B2
Japan,"Kofu, Japan",7/6/45,7/6/45,400,"1,027",,713.5,1,1,1,air-firebomb,USAAF,,http://ja.wikipedia.org/wiki/%E6%97%A5%E6%9C%AC%E6%9C%AC%E5%9C%9F%E7%A9%BA%E8%A5%B2
Japan,"Chiba, Japan",7/6/45,7/6/45,500,"1,679",,1089.5,1,1,1,air-firebomb,USAAF,,http://ja.wikipedia.org/wiki/%E6%97%A5%E6%9C%AC%E6%9C%AC%E5%9C%9F%E7%A9%BA%E8%A5%B2
Japan,"Tokushima, Japan",7/4/45,7/4/45,129,129,,129.0,1,1,1,air-firebomb,USAAF,,http://ja.wikipedia.org/wiki/%E6%97%A5%E6%9C%AC%E6%9C%AC%E5%9C%9F%E7%A9%BA%E8%A5%B2
Japan,"Takamatsu, Japan",7/4/45,7/4/45,"1,359","1,359",,1359.0,1,1,1,air-firebomb,USAAF,,http://ja.wikipedia.org/wiki/%E6%97%A5%E6%9C%AC%E6%9C%AC%E5%9C%9F%E7%A9%BA%E8%A5%B2
Japan,"Himeji, Japan",7/3/45,7/3/45,173,173,,173.0,1,1,1,air-firebomb,USAAF,,http://ja.wikipedia.org/wiki/%E6%97%A5%E6%9C%AC%E6%9C%AC%E5%9C%9F%E7%A9%BA%E8%A5%B2
Japan,"Shimonoseki, Japan",7/2/45,7/2/45,324,324,,324.0,1,1,1,air-firebomb,USAAF,,http://ja.wikipedia.org/wiki/%E6%97%A5%E6%9C%AC%E6%9C%AC%E5%9C%9F%E7%A9%BA%E8%A5%B2
Japan,"Kure, Japan",7/1/45,7/1/45,"1,000","3,700",,2350.0,1,0.5,1,air-firebomb,USAAF,,http://ja.wikipedia.org/wiki/%E6%97%A5%E6%9C%AC%E6%9C%AC%E5%9C%9F%E7%A9%BA%E8%A5%B2
Japan,"Kumamoto, Japan",7/1/45,7/1/45,469,469,,469.0,1,1,1,air-firebomb,USAAF,,http://ja.wikipedia.org/wiki/%E6%97%A5%E6%9C%AC%E6%9C%AC%E5%9C%9F%E7%A9%BA%E8%A5%B2
Japan,"Okayama, Japan",6/29/45,6/29/45,"1,737","1,737",,1737.0,1,1,1,air-firebomb,USAAF,,http://ja.wikipedia.org/wiki/%E6%97%A5%E6%9C%AC%E6%9C%AC%E5%9C%9F%E7%A9%BA%E8%A5%B2
Japan,"Sasebo, Japan",6/29/45,6/29/45,"1,300","1,300",,1300.0,1,1,1,air-firebomb,USAAF,,http://ja.wikipedia.org/wiki/%E6%97%A5%E6%9C%AC%E6%9C%AC%E5%9C%9F%E7%A9%BA%E8%A5%B2
Japan,"Osaka, Japan",6/26/45,6/26/45,592,592,,592.0,1,1,1,air-firebomb,USAAF,,http://ja.wikipedia.org/wiki/%E6%97%A5%E6%9C%AC%E6%9C%AC%E5%9C%9F%E7%A9%BA%E8%A5%B2
Japan,"Kakamigahara, Japan",6/22/45,6/22/45,169,169,,169.0,1,0.5,1,air-firebomb,USAAF,,http://ja.wikipedia.org/wiki/%E6%97%A5%E6%9C%AC%E6%9C%AC%E5%9C%9F%E7%A9%BA%E8%A5%B2
Japan,"Mizushima, Japan",6/21/45,6/21/45,11,11,,11.0,1,1,1,air-firebomb,USAAF,,http://ja.wikipedia.org/wiki/%E6%97%A5%E6%9C%AC%E6%9C%AC%E5%9C%9F%E7%A9%BA%E8%A5%B2
Japan,"Himeji, Japan",6/21/45,6/21/45,341,341,,341.0,1,1,1,air-firebomb,USAAF,,http://ja.wikipedia.org/wiki/%E6%97%A5%E6%9C%AC%E6%9C%AC%E5%9C%9F%E7%A9%BA%E8%A5%B2
Japan,"Nagoya, Japan",6/20/45,6/20/45,426,426,,426.0,1,1,1,air-firebomb,USAAF,,http://ja.wikipedia.org/wiki/%E6%97%A5%E6%9C%AC%E6%9C%AC%E5%9C%9F%E7%A9%BA%E8%A5%B2
Japan,"Toyohashi, Japan",6/18/45,6/19/45,624,624,,624.0,1,1,1,air-firebomb,USAAF,,http://ja.wikipedia.org/wiki/%E6%97%A5%E6%9C%AC%E6%9C%AC%E5%9C%9F%E7%A9%BA%E8%A5%B2
Japan,"Shizuoka, Japan",6/18/45,6/19/45,"1,952","1,952",,1952.0,1,1,1,air-firebomb,USAAF,,http://ja.wikipedia.org/wiki/%E6%97%A5%E6%9C%AC%E6%9C%AC%E5%9C%9F%E7%A9%BA%E8%A5%B2
Japan,"Fukuoka, Japan",6/18/45,6/18/45,902,902,,902.0,1,1,1,air-firebomb,USAAF,,http://ja.wikipedia.org/wiki/%E6%97%A5%E6%9C%AC%E6%9C%AC%E5%9C%9F%E7%A9%BA%E8%A5%B2
Japan,"Yokkaichi, Japan",6/17/45,6/17/45,736,736,,736.0,1,1,1,air-firebomb,USAAF,,http://ja.wikipedia.org/wiki/%E6%97%A5%E6%9C%AC%E6%9C%AC%E5%9C%9F%E7%A9%BA%E8%A5%B2
Japan,"Hamamatsu, Japan",6/17/45,6/17/45,"1,720","1,720",,1720.0,1,1,1,air-firebomb,USAAF,,http://ja.wikipedia.org/wiki/%E6%97%A5%E6%9C%AC%E6%9C%AC%E5%9C%9F%E7%A9%BA%E8%A5%B2
Japan,"Kagoshima, Japan",6/16/45,6/16/45,"5,000","5,200",,5100.0,1,1,1,air-firebomb,USAAF,,http://ja.wikipedia.org/wiki/%E6%97%A5%E6%9C%AC%E6%9C%AC%E5%9C%9F%E7%A9%BA%E8%A5%B2
Japan,"Osaka, Japan",6/14/45,6/14/45,418,418,,418.0,1,1,1,air-firebomb,USAAF,,http://ja.wikipedia.org/wiki/%E6%97%A5%E6%9C%AC%E6%9C%AC%E5%9C%9F%E7%A9%BA%E8%A5%B2
Japan,"Chiba, Japan",6/9/45,6/9/45,152,152,,152.0,1,1,1,air-firebomb,USAAF,,http://ja.wikipedia.org/wiki/%E6%97%A5%E6%9C%AC%E6%9C%AC%E5%9C%9F%E7%A9%BA%E8%A5%B2
Japan,"Hitachi, Japan",6/9/45,6/9/45,"1,200","1,200",,1200.0,1,1,1,air-firebomb,USAAF,,http://ja.wikipedia.org/wiki/%E6%97%A5%E6%9C%AC%E6%9C%AC%E5%9C%9F%E7%A9%BA%E8%A5%B2
Japan,"Nagoya, Japan",6/8/45,6/8/45,"2,068","2,068",,2068.0,1,1,1,air-firebomb,USAAF,,http://ja.wikipedia.org/wiki/%E6%97%A5%E6%9C%AC%E6%9C%AC%E5%9C%9F%E7%A9%BA%E8%A5%B2
Japan,"Osaka, Japan",6/6/45,6/6/45,"1,594","1,594",,1594.0,1,1,1,air-firebomb,USAAF,,http://ja.wikipedia.org/wiki/%E6%97%A5%E6%9C%AC%E6%9C%AC%E5%9C%9F%E7%A9%BA%E8%A5%B2
Japan,"Kobe, Japan",6/4/45,6/4/45,"3,184","3,184",,3184.0,1,1,,air-firebomb,USAAF,,http://ja.wikipedia.org/wiki/%E6%97%A5%E6%9C%AC%E6%9C%AC%E5%9C%9F%E7%A9%BA%E8%A5%B2
Japan,"Nara, Japan",5/31/45,5/31/45,231,231,,231.0,1,1,,air-firebomb,,,
Japan,"Osaka, Japan",5/31/45,5/31/45,"3,150","3,150",,3150.0,1,1,1,air-firebomb,USAAF,,http://ja.wikipedia.org/wiki/%E6%97%A5%E6%9C%AC%E6%9C%AC%E5%9C%9F%E7%A9%BA%E8%A5%B2
Japan,"Yokohama, Japan",5/28/45,5/28/45,"3,787","3,787",,3787.0,1,1,1,air-firebomb,USAAF,,http://ja.wikipedia.org/wiki/%E6%97%A5%E6%9C%AC%E6%9C%AC%E5%9C%9F%E7%A9%BA%E8%A5%B2
Japan,"Tokyo, Japan",5/24/45,5/24/45,"3,651","3,651",,3651.0,1,1,1,air-firebomb,USAAF,,http://ja.wikipedia.org/wiki/%E6%97%A5%E6%9C%AC%E6%9C%AC%E5%9C%9F%E7%A9%BA%E8%A5%B2
Japan,"Tokyo, Japan",5/23/45,5/23/45,762,762,,762.0,1,1,1,air-firebomb,USAAF,,http://ja.wikipedia.org/wiki/%E6%97%A5%E6%9C%AC%E6%9C%AC%E5%9C%9F%E7%A9%BA%E8%A5%B2
Japan,"Nagoya, Japan",5/16/45,5/17/45,"8,079","8,079",,8079.0,1,1,,air-firebomb,USAAF,,http://histclo.com/essay/war/ww2/air/pac/raid/45/nagoy.html
Japan,"Kobe, Japan",5/10/45,5/10/45,"1,093","1,093",,1093.0,1,1,,air-firebomb,USAAF,,http://ja.wikipedia.org/wiki/%E6%97%A5%E6%9C%AC%E6%9C%AC%E5%9C%9F%E7%A9%BA%E8%A5%B2
Japan,"Tokyo, Japan",4/14/45,4/14/45,841,841,,841.0,1,1,1,air-firebomb,USAAF,,http://ja.wikipedia.org/wiki/%E6%97%A5%E6%9C%AC%E6%9C%AC%E5%9C%9F%E7%A9%BA%E8%A5%B2
Japan,"Tokyo, Japan",4/12/45,4/13/45,"2,459","2,459",,2459.0,1,1,1,air-firebomb,USAAF,,http://en.wikipedia.org/wiki/Air_raids_on_Japan
Japan,"Nagoya, Japan",3/17/45,3/18/45,"1,037","1,037",,1037.0,1,1,1,air-firebomb,USAAF,,http://ja.wikipedia.org/wiki/%E6%97%A5%E6%9C%AC%E6%9C%AC%E5%9C%9F%E7%A9%BA%E8%A5%B2
Japan,"Kobe, Japan",3/15/45,3/16/45,"2,598","2,598",,2598.0,1,1,1,air-firebomb,USAAF,,http://ja.wikipedia.org/wiki/%E6%97%A5%E6%9C%AC%E6%9C%AC%E5%9C%9F%E7%A9%BA%E8%A5%B2
Japan,"Osaka, Japan",3/13/45,3/14/45,"3,115","3,115",,3115.0,1,1,1,air-firebomb,USAAF,,http://ja.wikipedia.org/wiki/%E6%97%A5%E6%9C%AC%E6%9C%AC%E5%9C%9F%E7%A9%BA%E8%A5%B2
Japan,"Nagoya, Japan",3/11/45,3/12/45,602,602,,602.0,1,1,1,air-firebomb,USAAF,,http://ja.wikipedia.org/wiki/%E6%97%A5%E6%9C%AC%E6%9C%AC%E5%9C%9F%E7%A9%BA%E8%A5%B2
Japan,"Tokyo, Japan",3/7/45,3/7/45,"80,000","100,000",100000,90000.0,1,1,1,air-firebomb,USAAF,,http://en.wikipedia.org/wiki/Bombing_of_Tokyo_in_World_War_II
United Kingdom,London,9/7/40,9/7/40,430,430,,430.0,1,1,,air-firebomb,LUFTW,,http://www.century-of-flight.net/Aviation%20history/WW2/blitz.htm
United Kingdom,Liverpool,5/1/41,5/8/41,"1,750","1,750",,1750.0,1,1,,air-firebomb,LUFTW,,http://ww2today.com/3rd-may-1941-liverpools-may-blitz
United Kingdom,Liverpool,8/9/40,11/29/40,35,35,,35.0,1,1,,air-firebomb,LUFTW,,http://www.century-of-flight.net/Aviation%20history/WW2/blitz.htm; http://liverpoolremembrance.weebly.com/bombings-1942.html
United Kingdom,Bristol,11/24/40,5/15/44,657,657,,657.0,1,1,,air-firebomb,LUFTW,,http://www.century-of-flight.net/Aviation%20history/WW2/blitz.htm; http://www.bristolblitzed.org/?page_id=63
United Kingdom,Cardiff,7/3/40,7/2/42,355,355,,355.0,1,1,,air-firebomb,LUFTW,,http://www.century-of-flight.net/Aviation%20history/WW2/blitz.htm; http://www.bbc.co.uk/wales/history/sites/themes/periods/ww2_bombing.shtml
United Kingdom,Hull,6/19/40,5/3/45,"1,200","1,200",,1200.0,1,1,,air-firebomb,LUFTW,,http://www.century-of-flight.net/Aviation%20history/WW2/blitz.htm; http://www.bbc.co.uk/news/uk-england-humber-20341765
United Kingdom,Portsmouth,7/11/40,5/31/44,"40,000","40,000",,40000.0,1,1,,air-firebomb,LUFTW,,http://www.century-of-flight.net/Aviation%20history/WW2/blitz.htm; http://www.welcometoportsmouth.co.uk/the%20blitz.html
United Kingdom,Plymouth,4/22/41,4/23/41,76,76,,76.0,1,1,,air-firebomb,LUFTW,,http://www.century-of-flight.net/Aviation%20history/WW2/blitz.htm; http://www.mayflowersteps.co.uk/plymouth/theblitz.html
United Kingdom,Plymouth,3/20/41,3/21/41,292,292,,292.0,1,1,,air-firebomb,LUFTW,,http://www.century-of-flight.net/Aviation%20history/WW2/blitz.htm; http://plymouthdata.info/Second%20World%20War-1941-Blitz.htm
United Kingdom,Southampton,11/30/40,11/30/40,630,630,,630.0,1,1,,air-firebomb,LUFTW,,http://www.century-of-flight.net/Aviation%20history/WW2/blitz.htm; http://news.bbc.co.uk/local/hampshire/hi/people_and_places/history/newsid_9241000/9241143.stm
United Kingdom,Swansea,2/19/41,2/21/41,227,227,,227.0,1,1,,air-firebomb,LUFTW,,http://www.century-of-flight.net/Aviation%20history/WW2/blitz.htm; http://www.bbc.co.uk/wales/history/sites/themes/periods/ww2_bombing.shtml
United Kingdom,Birmingham,10/25/40,10/25/40,19,19,,19.0,1,1,,air-firebomb,LUFTW,,http://www.century-of-flight.net/Aviation%20history/WW2/blitz.htm; http://secondcity.weebly.com/air-raids-in-birmingham-during-world-war-ii.html
United Kingdom,Birmingham,11/19/40,11/28/40,796,796,,796.0,1,1,,air-firebomb,LUFTW,,http://www.century-of-flight.net/Aviation%20history/WW2/blitz.htm; http://secondcity.weebly.com/air-raids-in-birmingham-during-world-war-ii.html
United Kingdom,Birmingham,4/9/41,4/10/41,"1,121","1,121",,1121.0,1,1,,air-firebomb,LUFTW,,http://www.century-of-flight.net/Aviation%20history/WW2/blitz.htm; http://secondcity.weebly.com/air-raids-in-birmingham-during-world-war-ii.html
United Kingdom,Belfast,4/7/41,4/16/41,"1,043","1,043",,1043.0,1,1,,air-firebomb,LUFTW,,http://www.century-of-flight.net/Aviation%20history/WW2/blitz.htm; http://www.historylearningsite.co.uk/blitz_belfast_1941.htm
United Kingdom,Belfast,5/4/41,5/4/41,200,200,,200.0,1,1,,air-firebomb,LUFTW,,http://www.century-of-flight.net/Aviation%20history/WW2/blitz.htm; http://www.historylearningsite.co.uk/blitz_belfast_1941.htm
United Kingdom,Coventry,11/14/40,11/14/41,380,554,,467.0,1,1,,air-firebomb,LUFTW,,http://www.century-of-flight.net/Aviation%20history/WW2/blitz.htm; http://news.bbc.co.uk/onthisday/hi/dates/stories/november/15/newsid_3522000/3522785.stm
United Kingdom,Glasgow,3/13/41,3/14/41,528,528,,528.0,1,1,,air-firebomb,LUFTW,,http://www.century-of-flight.net/Aviation%20history/WW2/blitz.htm; http://www.educationscotland.gov.uk/scotlandshistory/20thand21stcenturies/worldwarii/clydebankblitz/index.asp
United Kingdom,Manchester,12/22/40,12/24/40,684,684,,684.0,1,1,,air-firebomb,LUFTW,,http://www.century-of-flight.net/Aviation%20history/WW2/blitz.htm; http://manchesterhistorian.com/2011/the-manchester-blitz/
Japan,"Nagasaki, Japan",8/8/45,8/8/45,"60,000","80,000",,70000.0,1,1,1,air-nuclear,USAAF,2nd atomic bomb,http://en.wikipedia.org/wiki/Atomic_bombings_of_Hiroshima_and_Nagasaki
Japan,"Hiroshima, Japan",8/4/45,8/4/45,"90,000","166,000",,128000.0,1,0.95,1,air-nuclear,USAAF,1st atomic bomb,http://en.wikipedia.org/wiki/Atomic_bombings_of_Hiroshima_and_Nagasaki
Austria,,9/1/39,8/31/45,50000,65000,61000,57500.0,,1,,holocaust-jewish,,"override hi-low-avg multiplied by 1.06, to get 5.7 million",http://en.wikipedia.org/wiki/World_War_II_casualties
Belgium,,9/1/39,8/31/45,25000,29000,29000,27000.0,,1,,holocaust-jewish,,"override hi-low-avg multiplied by 1.06, to get 5.7 million",http://en.wikipedia.org/wiki/World_War_II_casualties
Czechoslovakia,,9/1/39,8/31/45,77000,78300,82000,77650.0,,1,,holocaust-jewish,,"override hi-low-avg multiplied by 1.06, to get 5.7 million",http://en.wikipedia.org/wiki/World_War_II_casualties
Denmark,,9/1/39,8/31/45,60,116,0,88.0,,1,,holocaust-jewish,,"override hi-low-avg multiplied by 1.06, to get 5.7 million",http://en.wikipedia.org/wiki/World_War_II_casualties
Estonia,,9/1/39,8/31/45,1500,2000,2000,1750.0,,1,,holocaust-jewish,,"override hi-low-avg multiplied by 1.06, to get 5.7 million",http://en.wikipedia.org/wiki/World_War_II_casualties
France,,9/1/39,8/31/45,75000,77000,81000,76000.0,,1,,holocaust-jewish,,"override hi-low-avg multiplied by 1.06, to get 5.7 million",http://en.wikipedia.org/wiki/World_War_II_casualties
Germany,,9/1/39,8/31/45,135000,142000,147000,138500.0,,1,,holocaust-jewish,,"override hi-low-avg multiplied by 1.06, to get 5.7 million",http://en.wikipedia.org/wiki/World_War_II_casualties
Greece,,9/1/39,8/31/45,59000,67000,67000,63000.0,,1,,holocaust-jewish,,"override hi-low-avg multiplied by 1.06, to get 5.7 million",http://en.wikipedia.org/wiki/World_War_II_casualties
Hungary,,9/1/39,8/31/45,50000,50000,,50000.0,,1,,,,Tams Stark of the Hungarian Academy of Sciences,http://en.wikipedia.org/wiki/World_War_II_casualties
Hungary,,9/1/39,8/31/45,340000,569000,,454500.0,,1,,holocaust-jewish,,wikipedia totals (holo vs country seem to contradict),http://en.wikipedia.org/wiki/World_War_II_casualties
Italy,,9/1/39,8/31/45,6500,9000,8000,7750.0,,1,,holocaust-jewish,,"override hi-low-avg multiplied by 1.06, to get 5.7 million",http://en.wikipedia.org/wiki/World_War_II_casualties
Latvia,,9/1/39,8/31/45,70000,72000,75000,71000.0,,1,,holocaust-jewish,,"override hi-low-avg multiplied by 1.06, to get 5.7 million",http://en.wikipedia.org/wiki/World_War_II_casualties
Lithuania,,9/1/39,8/31/45,130000,143000,145000,136500.0,,1,,holocaust-jewish,,"override hi-low-avg multiplied by 1.06, to get 5.7 million",http://en.wikipedia.org/wiki/World_War_II_casualties
Luxembourg,,9/1/39,8/31/45,1000,2000,2000,1500.0,,1,,holocaust-jewish,,"override hi-low-avg multiplied by 1.06, to get 5.7 million",http://en.wikipedia.org/wiki/World_War_II_casualties
Netherlands,,9/1/39,8/31/45,100000,105000,109000,102500.0,,1,,holocaust-jewish,,"override hi-low-avg multiplied by 1.06, to get 5.7 million",http://en.wikipedia.org/wiki/World_War_II_casualties
Norway,,9/1/39,8/31/45,800,800,1000,800.0,,1,,holocaust-jewish,,"override hi-low-avg multiplied by 1.06, to get 5.7 million",http://en.wikipedia.org/wiki/World_War_II_casualties
Poland,,9/1/39,8/31/45,2700000,3000000,3021000,2850000.0,,1,,holocaust-jewish,,"override hi-low-avg multiplied by 1.06, to get 5.7 million",http://en.wikipedia.org/wiki/World_War_II_casualties
Romania,,9/1/39,8/31/45,121000,287000,216000,204000.0,,1,,holocaust-jewish,,"override hi-low-avg multiplied by 1.06, to get 5.7 million",http://en.wikipedia.org/wiki/World_War_II_casualties
Soviet Union,,9/1/39,8/31/45,700000,1100000,954000,900000.0,,1,,holocaust-jewish,,"override hi-low-avg multiplied by 1.06, to get 5.7 million",http://en.wikipedia.org/wiki/World_War_II_casualties
Yugoslavia,,9/1/39,8/31/45,56000,65000,64000,60500.0,,1,,holocaust-jewish,,"override hi-low-avg multiplied by 1.06, to get 5.7 million",http://en.wikipedia.org/wiki/World_War_II_casualties
Slovakia,,9/1/39,8/31/45,60000,71000,69000,65500.0,,1,,holocaust-jewish,,"no country total in wikipedia - maybew/ soviet? override hi-low-avg multiplied by 1.06, to get 5.7 million",http://en.wikipedia.org/wiki/World_War_II_casualties
United Kingdom,,7/1/42,7/1/42,3086,3086,,3086.0,,0,,,,used ancestry.com to estimate distribution by month,http://en.wikipedia.org/wiki/World_War_II_casualties and http://search.ancestry.com/search/db.aspx?dbid=1604
United Kingdom,,12/1/42,12/1/42,3857,3857,,3857.0,,0,,,,used ancestry.com to estimate distribution by month,http://en.wikipedia.org/wiki/World_War_II_casualties and http://search.ancestry.com/search/db.aspx?dbid=1604
United Kingdom,,2/1/43,2/1/43,3086,3086,,3086.0,,0,,,,used ancestry.com to estimate distribution by month,http://en.wikipedia.org/wiki/World_War_II_casualties and http://search.ancestry.com/search/db.aspx?dbid=1604
United Kingdom,,7/1/44,7/1/44,18129,18129,,18129.0,,0,,,,used ancestry.com to estimate distribution by month,http://en.wikipedia.org/wiki/World_War_II_casualties and http://search.ancestry.com/search/db.aspx?dbid=1604
United Kingdom,,6/1/45,6/1/45,1543,1543,,1543.0,,0,,,,used ancestry.com to estimate distribution by month,http://en.wikipedia.org/wiki/World_War_II_casualties and http://search.ancestry.com/search/db.aspx?dbid=1604
United Kingdom,,3/1/41,3/1/41,2700,2700,,2700.0,,0,,,,used ancestry.com to estimate distribution by month,http://en.wikipedia.org/wiki/World_War_II_casualties and http://search.ancestry.com/search/db.aspx?dbid=1604
United Kingdom,,5/1/44,5/1/44,7715,7715,,7715.0,,0,,,,used ancestry.com to estimate distribution by month,http://en.wikipedia.org/wiki/World_War_II_casualties and http://search.ancestry.com/search/db.aspx?dbid=1604
United Kingdom,,10/1/42,10/1/42,8100,8100,,8100.0,,0,,,,used ancestry.com to estimate distribution by month,http://en.wikipedia.org/wiki/World_War_II_casualties and http://search.ancestry.com/search/db.aspx?dbid=1604
United Kingdom,,4/1/44,4/1/44,5786,5786,,5786.0,,0,,,,used ancestry.com to estimate distribution by month,http://en.wikipedia.org/wiki/World_War_II_casualties and http://search.ancestry.com/search/db.aspx?dbid=1604
United Kingdom,,12/1/45,12/1/45,1157,1157,,1157.0,,0,,,,used ancestry.com to estimate distribution by month,http://en.wikipedia.org/wiki/World_War_II_casualties and http://search.ancestry.com/search/db.aspx?dbid=1604
United Kingdom,,8/1/44,8/1/44,11572,11572,,11572.0,,0,,,,used ancestry.com to estimate distribution by month,http://en.wikipedia.org/wiki/World_War_II_casualties and http://search.ancestry.com/search/db.aspx?dbid=1604
United Kingdom,,12/1/40,12/1/40,2314,2314,,2314.0,,0,,,,used ancestry.com to estimate distribution by month,http://en.wikipedia.org/wiki/World_War_II_casualties and http://search.ancestry.com/search/db.aspx?dbid=1604
United Kingdom,,9/1/39,9/1/39,386,386,,386.0,,0,,,,used ancestry.com to estimate distribution by month,http://en.wikipedia.org/wiki/World_War_II_casualties and http://search.ancestry.com/search/db.aspx?dbid=1604
United Kingdom,,8/1/40,8/1/40,1543,1543,,1543.0,,0,,,,used ancestry.com to estimate distribution by month,http://en.wikipedia.org/wiki/World_War_II_casualties and http://search.ancestry.com/search/db.aspx?dbid=1604
United Kingdom,,4/1/40,4/1/40,1157,1157,,1157.0,,0,,,,used ancestry.com to estimate distribution by month,http://en.wikipedia.org/wiki/World_War_II_casualties and http://search.ancestry.com/search/db.aspx?dbid=1604
United Kingdom,,5/1/40,5/1/40,21215,21215,,21215.0,,0,,,,used ancestry.com to estimate distribution by month,http://en.wikipedia.org/wiki/World_War_II_casualties and http://search.ancestry.com/search/db.aspx?dbid=1604
United Kingdom,,10/1/41,10/1/41,1157,1157,,1157.0,,0,,,,used ancestry.com to estimate distribution by month,http://en.wikipedia.org/wiki/World_War_II_casualties and http://search.ancestry.com/search/db.aspx?dbid=1604
United Kingdom,,4/1/41,4/1/41,4629,4629,,4629.0,,0,,,,used ancestry.com to estimate distribution by month,http://en.wikipedia.org/wiki/World_War_II_casualties and http://search.ancestry.com/search/db.aspx?dbid=1604
United Kingdom,,9/1/42,9/1/42,5014,5014,,5014.0,,0,,,,used ancestry.com to estimate distribution by month,http://en.wikipedia.org/wiki/World_War_II_casualties and http://search.ancestry.com/search/db.aspx?dbid=1604
United Kingdom,,5/1/42,5/1/42,5014,5014,,5014.0,,0,,,,used ancestry.com to estimate distribution by month,http://en.wikipedia.org/wiki/World_War_II_casualties and http://search.ancestry.com/search/db.aspx?dbid=1604
United Kingdom,,6/1/43,6/1/43,5014,5014,,5014.0,,0,,,,used ancestry.com to estimate distribution by month,http://en.wikipedia.org/wiki/World_War_II_casualties and http://search.ancestry.com/search/db.aspx?dbid=1604
United Kingdom,,4/1/43,4/1/43,10029,10029,,10029.0,,0,,,,used ancestry.com to estimate distribution by month,http://en.wikipedia.org/wiki/World_War_II_casualties and http://search.ancestry.com/search/db.aspx?dbid=1604
United Kingdom,,10/1/43,10/1/43,4243,4243,,4243.0,,0,,,,used ancestry.com to estimate distribution by month,http://en.wikipedia.org/wiki/World_War_II_casualties and http://search.ancestry.com/search/db.aspx?dbid=1604
United Kingdom,,6/1/41,6/1/41,3857,3857,,3857.0,,0,,,,used ancestry.com to estimate distribution by month,http://en.wikipedia.org/wiki/World_War_II_casualties and http://search.ancestry.com/search/db.aspx?dbid=1604
United Kingdom,,9/1/44,9/1/44,25844,25844,,25844.0,,0,,,,used ancestry.com to estimate distribution by month,http://en.wikipedia.org/wiki/World_War_II_casualties and http://search.ancestry.com/search/db.aspx?dbid=1604
United Kingdom,,7/1/45,7/1/45,1929,1929,,1929.0,,0,,,,used ancestry.com to estimate distribution by month,http://en.wikipedia.org/wiki/World_War_II_casualties and http://search.ancestry.com/search/db.aspx?dbid=1604
United Kingdom,,1/1/42,1/1/42,3472,3472,,3472.0,,0,,,,used ancestry.com to estimate distribution by month,http://en.wikipedia.org/wiki/World_War_II_casualties and http://search.ancestry.com/search/db.aspx?dbid=1604
United Kingdom,,6/1/44,6/1/44,21601,21601,,21601.0,,0,,,,used ancestry.com to estimate distribution by month,http://en.wikipedia.org/wiki/World_War_II_casualties and http://search.ancestry.com/search/db.aspx?dbid=1604
United Kingdom,,6/1/42,6/1/42,5400,5400,,5400.0,,0,,,,used ancestry.com to estimate distribution by month,http://en.wikipedia.org/wiki/World_War_II_casualties and http://search.ancestry.com/search/db.aspx?dbid=1604
United Kingdom,,3/1/43,3/1/43,6943,6943,,6943.0,,0,,,,used ancestry.com to estimate distribution by month,http://en.wikipedia.org/wiki/World_War_II_casualties and http://search.ancestry.com/search/db.aspx?dbid=1604
United Kingdom,,1/1/44,1/1/44,5786,5786,,5786.0,,0,,,,used ancestry.com to estimate distribution by month,http://en.wikipedia.org/wiki/World_War_II_casualties and http://search.ancestry.com/search/db.aspx?dbid=1604
United Kingdom,,11/1/42,11/1/42,10029,10029,,10029.0,,0,,,,used ancestry.com to estimate distribution by month,http://en.wikipedia.org/wiki/World_War_II_casualties and http://search.ancestry.com/search/db.aspx?dbid=1604
United Kingdom,,2/1/45,2/1/45,6172,6172,,6172.0,,0,,,,used ancestry.com to estimate distribution by month,http://en.wikipedia.org/wiki/World_War_II_casualties and http://search.ancestry.com/search/db.aspx?dbid=1604
United Kingdom,,5/1/43,5/1/43,5786,5786,,5786.0,,0,,,,used ancestry.com to estimate distribution by month,http://en.wikipedia.org/wiki/World_War_II_casualties and http://search.ancestry.com/search/db.aspx?dbid=1604
United Kingdom,,11/1/39,11/1/39,1929,1929,,1929.0,,0,,,,used ancestry.com to estimate distribution by month,http://en.wikipedia.org/wiki/World_War_II_casualties and http://search.ancestry.com/search/db.aspx?dbid=1604
United Kingdom,,7/1/43,7/1/43,7329,7329,,7329.0,,0,,,,used ancestry.com to estimate distribution by month,http://en.wikipedia.org/wiki/World_War_II_casualties and http://search.ancestry.com/search/db.aspx?dbid=1604
United Kingdom,,9/1/45,9/1/45,1929,1929,,1929.0,,0,,,,used ancestry.com to estimate distribution by month,http://en.wikipedia.org/wiki/World_War_II_casualties and http://search.ancestry.com/search/db.aspx?dbid=1604
United Kingdom,,4/1/42,4/1/42,1929,1929,,1929.0,,0,,,,used ancestry.com to estimate distribution by month,http://en.wikipedia.org/wiki/World_War_II_casualties and http://search.ancestry.com/search/db.aspx?dbid=1604
United Kingdom,,11/1/40,11/1/40,771,771,,771.0,,0,,,,used ancestry.com to estimate distribution by month,http://en.wikipedia.org/wiki/World_War_II_casualties and http://search.ancestry.com/search/db.aspx?dbid=1604
United Kingdom,,2/1/44,2/1/44,10800,10800,,10800.0,,0,,,,used ancestry.com to estimate distribution by month,http://en.wikipedia.org/wiki/World_War_II_casualties and http://search.ancestry.com/search/db.aspx?dbid=1604
United Kingdom,,3/1/44,3/1/44,5400,5400,,5400.0,,0,,,,used ancestry.com to estimate distribution by month,http://en.wikipedia.org/wiki/World_War_II_casualties and http://search.ancestry.com/search/db.aspx?dbid=1604
United Kingdom,,4/1/45,4/1/45,8872,8872,,8872.0,,0,,,,used ancestry.com to estimate distribution by month,http://en.wikipedia.org/wiki/World_War_II_casualties and http://search.ancestry.com/search/db.aspx?dbid=1604
United Kingdom,,1/1/43,1/1/43,5786,5786,,5786.0,,0,,,,used ancestry.com to estimate distribution by month,http://en.wikipedia.org/wiki/World_War_II_casualties and http://search.ancestry.com/search/db.aspx?dbid=1604
United Kingdom,,1/1/45,1/1/45,6557,6557,,6557.0,,0,,,,used ancestry.com to estimate distribution by month,http://en.wikipedia.org/wiki/World_War_II_casualties and http://search.ancestry.com/search/db.aspx?dbid=1604
United Kingdom,,3/1/45,3/1/45,9643,9643,,9643.0,,0,,,,used ancestry.com to estimate distribution by month,http://en.wikipedia.org/wiki/World_War_II_casualties and http://search.ancestry.com/search/db.aspx?dbid=1604
United Kingdom,,10/1/39,10/1/39,771,771,,771.0,,0,,,,used ancestry.com to estimate distribution by month,http://en.wikipedia.org/wiki/World_War_II_casualties and http://search.ancestry.com/search/db.aspx?dbid=1604
United Kingdom,,6/1/40,6/1/40,10029,10029,,10029.0,,0,,,,used ancestry.com to estimate distribution by month,http://en.wikipedia.org/wiki/World_War_II_casualties and http://search.ancestry.com/search/db.aspx?dbid=1604
United Kingdom,,5/1/41,5/1/41,3086,3086,,3086.0,,0,,,,used ancestry.com to estimate distribution by month,http://en.wikipedia.org/wiki/World_War_II_casualties and http://search.ancestry.com/search/db.aspx?dbid=1604
United Kingdom,,8/1/45,8/1/45,1929,1929,,1929.0,,0,,,,used ancestry.com to estimate distribution by month,http://en.wikipedia.org/wiki/World_War_II_casualties and http://search.ancestry.com/search/db.aspx?dbid=1604
United Kingdom,,8/1/43,8/1/43,6557,6557,,6557.0,,0,,,,used ancestry.com to estimate distribution by month,http://en.wikipedia.org/wiki/World_War_II_casualties and http://search.ancestry.com/search/db.aspx?dbid=1604
United Kingdom,,11/1/43,11/1/43,6943,6943,,6943.0,,0,,,,used ancestry.com to estimate distribution by month,http://en.wikipedia.org/wiki/World_War_II_casualties and http://search.ancestry.com/search/db.aspx?dbid=1604
United Kingdom,,9/1/43,9/1/43,5014,5014,,5014.0,,0,,,,used ancestry.com to estimate distribution by month,http://en.wikipedia.org/wiki/World_War_II_casualties and http://search.ancestry.com/search/db.aspx?dbid=1604
United Kingdom,,12/1/43,12/1/43,5786,5786,,5786.0,,0,,,,used ancestry.com to estimate distribution by month,http://en.wikipedia.org/wiki/World_War_II_casualties and http://search.ancestry.com/search/db.aspx?dbid=1604
United Kingdom,,10/1/44,10/1/44,9643,9643,,9643.0,,0,,,,used ancestry.com to estimate distribution by month,http://en.wikipedia.org/wiki/World_War_II_casualties and http://search.ancestry.com/search/db.aspx?dbid=1604
United Kingdom,,1/1/46,1/1/46,771,771,,771.0,,0,,,,used ancestry.com to estimate distribution by month,http://en.wikipedia.org/wiki/World_War_II_casualties and http://search.ancestry.com/search/db.aspx?dbid=1604
United Kingdom,,7/1/40,7/1/40,386,386,,386.0,,0,,,,used ancestry.com to estimate distribution by month,http://en.wikipedia.org/wiki/World_War_II_casualties and http://search.ancestry.com/search/db.aspx?dbid=1604
United Kingdom,,12/1/41,12/1/41,3472,3472,,3472.0,,0,,,,used ancestry.com to estimate distribution by month,http://en.wikipedia.org/wiki/World_War_II_casualties and http://search.ancestry.com/search/db.aspx?dbid=1604
United Kingdom,,12/1/44,12/1/44,7329,7329,,7329.0,,0,,,,used ancestry.com to estimate distribution by month,http://en.wikipedia.org/wiki/World_War_II_casualties and http://search.ancestry.com/search/db.aspx?dbid=1604
United Kingdom,,12/1/39,12/1/39,386,386,,386.0,,0,,,,used ancestry.com to estimate distribution by month,http://en.wikipedia.org/wiki/World_War_II_casualties and http://search.ancestry.com/search/db.aspx?dbid=1604
United Kingdom,,8/1/41,8/1/41,1543,1543,,1543.0,,0,,,,used ancestry.com to estimate distribution by month,http://en.wikipedia.org/wiki/World_War_II_casualties and http://search.ancestry.com/search/db.aspx?dbid=1604
United Kingdom,,11/1/44,11/1/44,4629,4629,,4629.0,,0,,,,used ancestry.com to estimate distribution by month,http://en.wikipedia.org/wiki/World_War_II_casualties and http://search.ancestry.com/search/db.aspx?dbid=1604
United Kingdom,,1/1/41,1/1/41,1929,1929,,1929.0,,0,,,,used ancestry.com to estimate distribution by month,http://en.wikipedia.org/wiki/World_War_II_casualties and http://search.ancestry.com/search/db.aspx?dbid=1604
United Kingdom,,2/1/42,2/1/42,8100,8100,,8100.0,,0,,,,used ancestry.com to estimate distribution by month,http://en.wikipedia.org/wiki/World_War_II_casualties and http://search.ancestry.com/search/db.aspx?dbid=1604
United Kingdom,,5/1/45,5/1/45,3472,3472,,3472.0,,0,,,,used ancestry.com to estimate distribution by month,http://en.wikipedia.org/wiki/World_War_II_casualties and http://search.ancestry.com/search/db.aspx?dbid=1604
United Kingdom,,11/1/45,11/1/45,386,386,,386.0,,0,,,,used ancestry.com to estimate distribution by month,http://en.wikipedia.org/wiki/World_War_II_casualties and http://search.ancestry.com/search/db.aspx?dbid=1604
United Kingdom,,4/1/46,4/1/46,771,771,,771.0,,0,,,,used ancestry.com to estimate distribution by month,http://en.wikipedia.org/wiki/World_War_II_casualties and http://search.ancestry.com/search/db.aspx?dbid=1604
United Kingdom,,11/1/41,11/1/41,3472,3472,,3472.0,,0,,,,used ancestry.com to estimate distribution by month,http://en.wikipedia.org/wiki/World_War_II_casualties and http://search.ancestry.com/search/db.aspx?dbid=1604
United Kingdom,,2/1/41,2/1/41,1543,1543,,1543.0,,0,,,,used ancestry.com to estimate distribution by month,http://en.wikipedia.org/wiki/World_War_II_casualties and http://search.ancestry.com/search/db.aspx?dbid=1604
United Kingdom,,8/1/42,8/1/42,771,771,,771.0,,0,,,,used ancestry.com to estimate distribution by month,http://en.wikipedia.org/wiki/World_War_II_casualties and http://search.ancestry.com/search/db.aspx?dbid=1604
United Kingdom,,2/1/40,2/1/40,771,771,,771.0,,0,,,,used ancestry.com to estimate distribution by month,http://en.wikipedia.org/wiki/World_War_II_casualties and http://search.ancestry.com/search/db.aspx?dbid=1604
United Kingdom,,9/1/41,9/1/41,386,386,,386.0,,0,,,,used ancestry.com to estimate distribution by month,http://en.wikipedia.org/wiki/World_War_II_casualties and http://search.ancestry.com/search/db.aspx?dbid=1604
United Kingdom,,7/1/41,7/1/41,1157,1157,,1157.0,,0,,,,used ancestry.com to estimate distribution by month,http://en.wikipedia.org/wiki/World_War_II_casualties and http://search.ancestry.com/search/db.aspx?dbid=1604
United Kingdom,,2/1/46,2/1/46,1157,1157,,1157.0,,0,,,,used ancestry.com to estimate distribution by month,http://en.wikipedia.org/wiki/World_War_II_casualties and http://search.ancestry.com/search/db.aspx?dbid=1604
United Kingdom,,1/1/40,1/1/40,386,386,,386.0,,0,,,,used ancestry.com to estimate distribution by month,http://en.wikipedia.org/wiki/World_War_II_casualties and http://search.ancestry.com/search/db.aspx?dbid=1604
United Kingdom,,3/1/42,3/1/42,3086,3086,,3086.0,,0,,,,used ancestry.com to estimate distribution by month,http://en.wikipedia.org/wiki/World_War_II_casualties and http://search.ancestry.com/search/db.aspx?dbid=1604
United Kingdom,,10/1/45,10/1/45,1157,1157,,1157.0,,0,,,,used ancestry.com to estimate distribution by month,http://en.wikipedia.org/wiki/World_War_II_casualties and http://search.ancestry.com/search/db.aspx?dbid=1604
United Kingdom,,10/1/40,10/1/40,386,386,,386.0,,0,,,,used ancestry.com to estimate distribution by month,http://en.wikipedia.org/wiki/World_War_II_casualties and http://search.ancestry.com/search/db.aspx?dbid=1604
United Kingdom,,3/1/46,3/1/46,386,386,,386.0,,0,,,,used ancestry.com to estimate distribution by month,http://en.wikipedia.org/wiki/World_War_II_casualties and http://search.ancestry.com/search/db.aspx?dbid=1604
